NAME,X[km],Y[km],Z[km]
N0000,1970.74837812137,-4557.55462495079,-3990.20989308494
N0001,2477.93699192757,-4548.1093209051,-3709.94304632476
N0002,3720.21692570177,-4886.22651910042,-1717.5715832008
N0003,2075.31508862514,-5123.48235223486,-3173.81756544298
N0004,1700.70440101121,-6103.9384612955,-727.482949019555
N0005,3627.59481384519,-5193.83579158132,-738.296435162389
N0006,3369.82569521701,-5238.06188608061,-1370.94532928158
N0007,2522.62868266032,-5442.95052359052,-2167.75827522447
N0008,814.835056256457,-5725.66496496154,-2680.5054164848
N0009,1769.54151207795,-5845.80206630744,-1831.29024232827
N0010,1836.50769647148,-4468.7956626134,-4151.06487480915
N0011,2122.62025616298,-5663.67774136249,-2029.59058908934
N0012,4043.45628544727,-4747.47322406093,-1335.42652761545
N0013,3770.18059587614,-4887.06285640717,-1602.79710483352
N0014,1198.28913111011,-5830.93431398353,-2282.53249002107
N0015,3602.51379360163,-3983.41402375091,-3428.65501937146
N0016,3696.72503972771,-5133.73839840887,-811.677266599501
N0017,3627.17103034492,-4849.62507639318,-1997.01086090465
N0018,3654.52103915007,-4822.89842963793,-2011.91788947967
N0019,3747.57408418252,-4989.74087287579,-1315.62502031033
N0020,1171.93683113273,-5020.26005133693,-3742.98114400518
N0021,1579.40099683318,-4515.61758648161,-4206.11838949978
N0022,3023.72348575423,-5452.21241947223,-1342.41262181792
N0023,1077.11374729069,-5006.77099845294,-3788.94067740567
N0024,3025.94309662488,-5212.64540116502,-2080.01609468462
N0025,3357.10197605554,-4022.6538218207,-3624.94168783509
N0026,4144.26648186102,-4333.97682112986,-2168.64740148868
N0027,3889.4432766966,-4829.10643472667,-1490.07380467261
N0028,1573.04903022708,-5131.63683617357,-3434.10948160167
N0029,3465.07953753321,-4305.97182020793,-3172.56359849838
N0030,2726.93488207095,-5716.79960891404,-748.17123960678
N0031,2934.86772017967,-5333.01459111727,-1898.8127599136
N0032,1737.41999602517,-4458.47867353862,-4204.36836710869
N0033,3242.31376742665,-4759.64184095402,-2732.49759409072
N0034,1054.30559833881,-6066.10542665742,-1659.20665876041
N0035,1823.75178054677,-4747.00956406095,-3838.11193624988
N0036,2997.01107756385,-5279.11163232443,-1951.94780255506
N0037,2782.20151985353,-5202.17882816341,-2416.83390524036
N0038,1854.82324769598,-4773.02047685285,-3791.57003396025
N0039,1136.84141252308,-5948.92266359414,-1992.96207046104
N0040,2213.8029073078,-5785.67482245192,-1519.17527041221
N0041,2911.03044078193,-5028.18681969558,-2622.85128929763
N0042,1131.79757076876,-5033.90136544413,-3737.04660959621
N0043,1431.08700122383,-5232.00516508831,-3344.18393184318
N0044,3685.42745317289,-4705.98456883848,-2218.79720829928
N0045,876.566517739551,-6013.92389102573,-1928.72075438815
N0046,3653.59626818156,-4367.80942553382,-2864.70117570919
N0047,1295.79803655302,-5980.8650663365,-1791.46277537964
N0048,1693.45960056203,-6013.78605735848,-1286.07521447519
N0049,1000.27481309529,-5894.7958846795,-2213.26652235431
N0050,1126.80026485506,-5064.0252354195,-3697.91510860628
N0051,4019.98955369077,-4168.16891079279,-2664.35744109577
N0052,3127.4690046936,-4326.7726243919,-3478.14370154519
N0053,1528.39287170116,-5709.21899399264,-2389.80659756768
N0054,2677.25121562785,-4793.23412363222,-3235.46827672524
N0055,1582.34477063998,-6064.06395427377,-1193.64125729752
N0056,2144.1475058901,-5566.67920540054,-2261.41643727179
N0057,1917.29665982857,-5471.69570321023,-2649.18758864332
N0058,683.091045975066,-6041.25206376647,-1921.5674379303
N0059,3217.8766548397,-4714.04273421598,-2837.80712001423
N0060,2127.70051953851,-5280.31272443833,-2875.5944048077
N0061,2081.84115907466,-4329.57798024434,-4181.34722675942
N0062,2097.21279560556,-5555.66837650677,-2322.68952029295
N0063,735.219169072942,-6097.71538919988,-1714.10321293113
N0064,3908.29361749418,-4646.82347116999,-1948.03354196342
N0065,1045.92874166208,-5292.52406580844,-3390.93956259785
N0066,672.647061765121,-6024.70431602623,-1976.06101680719
N0067,1095.99573738883,-4936.52558965599,-3874.1591333325
N0068,2211.98870996253,-5514.95470502675,-2322.46289777673
N0069,2316.99367005586,-4353.38190912302,-4031.23895777118
N0070,1357.26816746656,-5566.23609322828,-2793.39596652418
N0071,2681.43120357964,-5690.70585134599,-1049.01499374323
N0072,1609.47110552662,-6055.63556831902,-1192.51205292329
N0073,856.51780184122,-5959.25851651888,-2098.72020487098
N0074,1768.99296745036,-5772.51654257462,-2049.70350136416
N0075,657.300632068794,-5723.37208042563,-2727.9150174622
N0076,3678.7361632896,-4323.4737447925,-2899.05296794814
N0077,3983.41800583738,-4474.22731566505,-2183.68957172052
N0078,2942.66272119385,-4188.15352885302,-3792.61453113695
N0079,1656.69775649,-5745.33689547067,-2212.31454372106
N0080,2541.40355926453,-4575.11108090162,-3633.50368862519
N0081,2638.94420184306,-5571.54626593288,-1630.63911212115
N0082,2335.67857066286,-5895.46267664411,-683.954460306367
N0083,4094.17912873942,-4148.13608235118,-2581.92214033757
N0084,2176.65416119078,-4314.17841566272,-4149.15810289047
N0085,3786.47046578734,-4968.21730993723,-1285.65290160316
N0086,2075.48358982883,-5553.36117053017,-2347.02923210305
N0087,3257.43243099027,-3995.58623155835,-3743.07865925301
N0088,1999.06548410225,-5775.62641014284,-1825.58651832634
N0089,4117.9505344817,-4650.41263766718,-1445.53205546246
N0090,2870.75570287291,-5235.43711240303,-2235.89006837797
N0091,1061.34011546725,-5959.16777883889,-2003.88318445786
N0092,2670.77733937183,-5656.3073407576,-1243.29987281146
N0093,2291.02284908419,-5349.15683758967,-2614.55594431659
N0094,1932.4873723465,-5552.93437355192,-2463.81303874098
N0095,1065.71289201093,-5089.29511428249,-3681.40539014244
N0096,2188.45446453801,-5924.27187670036,-889.856187688246
N0097,2332.46190912828,-5576.24238057928,-2040.93447425264
N0098,2778.04400248362,-4385.95843688002,-3692.55096928434
N0099,1595.77455949589,-5318.4724718208,-3127.65991080813
N0100,2172.53980913485,-4241.20721984713,-4225.24614320026
N0101,626.467904729203,-5648.59112449692,-2885.40273886898
N0102,1754.14907101446,-5631.17933773118,-2419.54737991914
N0103,1335.99508488626,-6087.22428656482,-1352.51477760255
N0104,3282.68844937022,-4591.57801348972,-2960.95443397697
N0105,2258.05034955952,-5585.77173538896,-2097.30320712441
N0106,3105.17988071231,-5483.72544699815,-981.084738293659
N0107,3976.07820025669,-4351.66200232289,-2429.41671965478
N0108,3398.98300389889,-4084.78350494422,-3515.51585669659
N0109,924.604040089231,-5566.11313968087,-2963.95180627634
N0110,3712.25618180902,-4021.70528612465,-3264.0175399395
N0111,3078.49707921485,-5308.7669403386,-1733.04154445061
N0112,3042.42523044708,-5549.55854508012,-789.774377609241
N0113,3541.61724027426,-5164.92694586276,-1206.13491122159
N0114,3189.50928027865,-5479.77708806002,-691.025875310851
N0115,730.961934594977,-5878.8221562612,-2355.51575676671
N0116,3809.36670575637,-4498.66159151793,-2428.68481213595
N0117,2011.87665792861,-5050.03050413879,-3326.14933729969
N0118,2035.26372971482,-5825.67507713168,-1622.55899041066
N0119,1651.19161604815,-4807.2733641182,-3843.77565955937
N0120,3502.02049440901,-5020.64477496162,-1787.41623005438
N0121,1475.25367730813,-5747.40461534657,-2331.34070209302
N0122,2530.75476663775,-5816.73695644395,-663.480460087219
N0123,2242.13189883318,-5103.83024342726,-3089.45290024551
N0124,1715.60440080992,-5756.02634369135,-2138.90465147263
N0125,2981.80312228097,-5155.77854278548,-2274.75757288483
N0126,1319.01009493309,-4982.07552812287,-3745.04836639593
N0127,1305.42717253298,-5042.93826230775,-3668.07125244045
N0128,1637.58444377883,-5881.71161393491,-1838.96175139981
N0129,2953.40716670505,-5294.84869257427,-1975.00468740588
N0130,2032.08146123995,-5089.66675913822,-3253.34232605457
N0131,3087.07422979392,-4919.71916450369,-2627.11705502696
N0132,3584.68086174949,-4450.09373038368,-2826.47521405815
N0133,3456.46884515338,-4724.26900139348,-2525.0800019483
N0134,4097.58757153802,-4576.57899738759,-1714.86050859574
N0135,2470.24843861665,-5452.88111629455,-2202.25813661163
N0136,3783.91024088166,-4999.78190198558,-1165.88885314009
N0137,1393.13757524684,-5844.40950307265,-2133.58183501499
N0138,2618.41434182768,-5133.90938746731,-2724.14298416701
N0139,1445.70744942528,-5293.39558310209,-3240.36273049218
N0140,2907.02533679717,-5664.26295919758,-381.406393544183
N0141,1819.10780173372,-6082.61604853379,-610.649110630559
N0142,1059.17400090358,-4959.21458178783,-3855.50343259542
N0143,2497.03542843599,-5477.76271679906,-2110.87751134783
N0144,1345.44875722733,-5176.02801338276,-3463.87518988507
N0145,2825.16078129093,-4711.66766613346,-3229.55130570861
N0146,1885.49424942741,-4486.22481396065,-4109.90603922747
N0147,1363.10812091559,-5800.61267238894,-2267.37136138706
N0148,2560.16230018138,-5461.89933020041,-2074.39495882544
N0149,2854.5199806782,-4695.20692144293,-3227.73933793031
N0150,1282.39056276548,-6087.35895267532,-1402.49475238324
N0151,2855.33080005632,-5668.8998365004,-623.76938739372
N0152,3805.34472886971,-5009.04100812416,-1051.3416285366
N0153,1513.14216203156,-5103.40776132991,-3501.9661327315
N0154,2070.15501848906,-5821.91765473772,-1593.12705099086
N0155,1767.46052220046,-6026.26164477607,-1112.24380639008
N0156,2562.76442299686,-4567.28646855023,-3628.38115744031
N0157,3308.20274844152,-5043.9515571809,-2065.80975598679
N0158,3957.84803285829,-4603.23664201249,-1952.22700658882
N0159,1936.30282519208,-5887.59159864904,-1515.06275100719
N0160,3143.68809965003,-4672.69822059621,-2984.19505584226
N0161,3995.53845071466,-4644.3406035367,-1771.09420919782
N0162,1099.605204289,-4962.33434442622,-3840.24368990161
N0163,3189.85949642086,-5077.50630750412,-2166.56460200892
N0164,1352.61796188703,-4914.43054853336,-3821.14352487895
N0165,3036.21723283742,-5576.32414899965,-604.064845881979
N0166,2692.55638100489,-5549.96952093388,-1616.67232313871
N0167,3518.8969875915,-5292.45017788509,-535.790936391552
N0168,1933.4634032715,-5879.86556978692,-1551.67455092051
N0169,2028.66169066891,-5731.62162524892,-1924.84616403384
N0170,2680.56711366191,-4909.99591226713,-3053.76090054212
N0171,1031.8048014607,-5307.12768969545,-3372.51560576248
N0172,2774.46887948619,-5079.81139810957,-2670.70664826508
N0173,3386.52785656052,-3977.02840972128,-3647.68582310111
N0174,3523.52026172085,-4960.961495325,-1906.78583834624
N0175,1972.59101002727,-5683.73604195144,-2110.66300879665
N0176,3259.28206113833,-4217.90907198593,-3490.69339941458
N0177,2965.47720707258,-4893.69918600741,-2808.24791535899
N0178,2215.51515657966,-5062.53314258056,-3174.81756694446
N0179,2994.03057096222,-5192.80680187801,-2172.92921031584
N0180,3937.28340716505,-4043.7730800479,-2960.93901963129
N0181,988.685490081331,-5202.99956358377,-3542.24246923048
N0182,2149.84654197494,-5106.02612278185,-3151.17259220026
N0183,2885.09016471418,-4195.89526682843,-3827.88907695396
N0184,3568.10771303105,-5100.19664452281,-1388.76261184005
N0185,666.712152974563,-5937.37944644296,-2224.93364980349
N0186,2554.97390071681,-5060.11448544095,-2914.28179453949
N0187,1190.21925105543,-6119.17429043646,-1344.45967887851
N0188,3154.8360165819,-5477.75853883909,-847.462421596145
N0189,1989.88463041772,-5231.51103576756,-3055.06302816668
N0190,987.499917801435,-5926.68076057739,-2132.92389508416
N0191,1339.2819335585,-4813.261613721,-3951.50216480691
N0192,2093.71431836938,-5924.75348718389,-1090.9122444983
N0193,1429.34989669848,-5833.83979232939,-2138.51954454249
N0194,1063.63411128123,-5060.5246655277,-3721.18307070456
N0195,623.43919675798,-5933.41882151337,-2247.77255956245
N0196,2305.96595130481,-5921.96210766708,-541.277435170644
N0197,967.846668186986,-6139.42569310709,-1427.46898970347
N0198,3425.56011491867,-5275.92770063881,-1051.59895666721
N0199,2206.71980787154,-4610.30183527758,-3802.87066586149
N0200,1650.94892528218,-4855.02277269943,-3783.14549736917
N0201,4161.22586191853,-4468.54802196527,-1839.61180426629
N0202,3126.09245802467,-4643.38904248456,-3047.24086756119
N0203,4018.15377460749,-4375.64963315366,-2315.40206895024
N0204,3744.79148471904,-4400.18255252822,-2693.75575184805
N0205,3607.51683958555,-5175.04262912822,-939.406011988687
N0206,2372.66133284996,-4670.39469839867,-3626.53122616966
N0207,3827.2777043619,-4702.17694427373,-1976.34619477409
N0208,3627.38413712926,-4615.16570221609,-2487.49936893902
N0209,3252.54678054542,-5007.94951704956,-2234.09831501549
N0210,2416.04368733213,-5706.0380008551,-1507.22289340486
N0211,1514.54206849028,-6023.94510012065,-1451.8546678233
N0212,3193.28272037365,-5229.64606530336,-1765.15293925917
N0213,3770.05575260189,-5091.0729566437,-740.107866416846
N0214,2030.80579585221,-5965.60631745437,-982.487982286357
N0215,2148.59351118479,-4911.19712294167,-3445.87883900979
N0216,1258.46768815019,-5309.56508950682,-3291.28502195901
N0217,2547.24443176506,-5348.40803920702,-2360.7841987234
N0218,810.17240175888,-5356.38161881086,-3355.23908105547
N0219,3372.97866449273,-5150.14264480331,-1663.80063675592
N0220,3085.02777149351,-5301.16153157366,-1744.53581909664
N0221,1863.87395034108,-5252.63497908827,-3098.9724299909
N0222,912.779740556293,-6132.83531039737,-1490.25391954681
N0223,3244.38793928638,-4539.01621257987,-3081.07213623122
N0224,1294.07111712704,-5481.79322124522,-2982.64322008922
N0225,3374.6717744851,-4516.95226328731,-2972.76480106744
N0226,3866.08197401258,-4077.1807807097,-3008.25487762736
N0227,1631.28602295152,-5298.39293245527,-3143.27139006461
N0228,2607.19651849514,-5471.5901104506,-1984.82656237009
N0229,2569.14174159902,-5321.86484673831,-2393.83131445592
N0230,1389.09348250553,-5397.92225906473,-3090.19628822084
N0231,1036.13802510717,-5391.46672223646,-3235.53553586452
N0232,2604.1050557862,-5301.51177780901,-2401.16752191874
N0233,1040.94297568304,-5754.56258817389,-2537.4770314975
N0234,2408.33295202429,-4564.19695409549,-3735.77068854775
N0235,1457.38759687126,-5729.67914942224,-2385.21819711903
N0236,3077.04761214646,-5574.67538234863,-366.9248623224
N0237,2783.60282437271,-5339.74792746629,-2096.40777973711
N0238,1715.5336213868,-6083.59346292082,-851.824876378829
N0239,3272.06258797235,-3987.94818681943,-3738.49086456877
N0240,1254.16931888363,-5027.82371926613,-3706.24585169625
N0241,1547.98496516822,-6084.47119344023,-1133.0610287509
N0242,2269.5744182962,-5882.71022105881,-958.987515395354
N0243,3861.86474087373,-4503.34200001617,-2335.49963136735
N0244,3074.07882404914,-4554.17393536275,-3228.42603432282
N0245,2370.58160126094,-5502.34396528456,-2193.01615715346
N0246,3777.43572984238,-4980.61678534226,-1264.05979304823
N0247,2007.90144571368,-4487.19087595389,-4050.47622639147
N0248,2052.36583927138,-4774.73810498923,-3685.60104670437
N0249,1035.93854989462,-5528.65322770252,-2996.83837850944
N0250,1646.92305721515,-5319.00421867551,-3100.30156507558
N0251,2218.5026000079,-5958.4758769095,-505.675396700785
N0252,1431.452273186,-5362.86469618383,-3131.35235925938
N0253,1884.28280487958,-5922.26670725631,-1446.4684169098
N0254,3428.67069520831,-4975.07960072003,-2036.56527713834
N0255,3966.46138877462,-4861.61027464314,-1142.98849425939
N0256,2159.34532936479,-5344.64990493036,-2731.94785570082
N0257,1302.05264892297,-5863.84922736524,-2137.73601275484
N0258,621.598196395582,-6049.67571047049,-1915.96835028034
N0259,2836.32888748982,-5463.77637732108,-1663.8304203705
N0260,3542.96561265471,-4321.5430190793,-3066.02062160844
N0261,3377.70917739055,-5219.1717336315,-1422.34690952368
N0262,2883.02663810016,-4474.44395116098,-3502.40192904367
N0263,2039.8124553918,-5649.28482667998,-2140.0925592905
N0264,2093.50682922365,-4915.33316317881,-3473.47959407538
N0265,3915.81666457294,-4420.75784292262,-2402.79550866844
N0266,3421.15643035237,-4707.89398991101,-2602.08237113187
N0267,2960.59935251441,-5311.64305123594,-1918.52248310148
N0268,827.688475960952,-5644.23652417656,-2843.19707357023
N0269,1569.84135643517,-6015.99942921909,-1437.53462489437
N0270,1017.2781675798,-5614.76106518179,-2840.07050598752
N0271,4201.00515150969,-4581.57567732429,-1425.41341614842
N0272,1699.13067008701,-6007.63382412414,-1304.44398577142
N0273,3114.49504066183,-5542.3618672338,-511.428801496349
N0274,2168.7010969576,-5955.43912658243,-713.489973732995
N0275,1319.30305203513,-5266.06016503277,-3336.73727553365
N0276,1866.26365040644,-4960.28986172337,-3542.87857165585
N0277,2432.65199996712,-5602.42060391051,-1847.43815170534
N0278,1527.8735348638,-5705.93914465624,-2397.90364670529
N0279,2513.56435099989,-5789.17994524624,-918.829538820513
N0280,1916.28032696658,-4707.57148252266,-3841.22857988808
N0281,990.670067517549,-5711.53449771742,-2651.4720982778
N0282,1430.16180897957,-5143.71437745459,-3477.94963748447
N0283,736.178424277364,-5950.02181499986,-2168.9293356905
N0284,3521.639747341,-4402.5902520776,-2974.34282722772
N0285,2836.78457035022,-5131.63854949439,-2501.96014892534
N0286,3386.85272105167,-4710.31358129614,-2641.78890479415
N0287,1832.90234171411,-5970.05124461466,-1293.85731544214
N0288,3562.27354178605,-4839.02200216282,-2133.37210351209
N0289,1685.14019195202,-4818.43609290151,-3814.11222225662
N0290,3161.1825998563,-5460.19217869611,-932.493645321792
N0291,2927.84608203602,-4914.56599203328,-2811.30026738867
N0292,2582.90449783269,-5395.7508334552,-2210.51422994273
N0293,662.723880814308,-5812.12871881623,-2533.25993965872
N0294,3234.31481191686,-5162.00330513814,-1884.40726072123
N0295,2623.5194744335,-5795.61673535225,-456.205609348412
N0296,2224.12136990196,-4972.73577700397,-3306.93693595813
N0297,3057.09079037741,-5429.254968064,-1360.33185057927
N0298,3098.86848100092,-5003.23995312755,-2450.74527948396
N0299,1585.99049170867,-6073.57805281979,-1131.71951409942
N0300,2763.12087769248,-5381.86551901694,-2014.65906723849
N0301,2905.63797069812,-4411.43106502221,-3562.68015309286
N0302,4146.81354659291,-4260.04556374145,-2304.44060042669
N0303,3277.51062577312,-5288.86883795258,-1399.42824951137
N0304,3105.28233993949,-5125.77684850879,-2175.7300638965
N0305,3148.07662297837,-5484.2648689871,-831.004377380447
N0306,2383.34304504061,-5677.84753977101,-1658.51596942045
N0307,2137.71096431157,-4734.91630895268,-3688.41357674205
N0308,3625.2908548264,-4629.82863962147,-2463.15788708095
N0309,2211.40814562617,-4411.79579638498,-4027.12475744403
N0310,3595.2660660349,-5190.38685755219,-901.370732716134
N0311,3070.86851570667,-4320.87666394896,-3535.25732391319
N0312,3035.43643055688,-5510.99603752329,-1044.1277958927
N0313,1985.19744470983,-5582.11567627405,-2354.27016596192
N0314,3086.72755555936,-3990.06245439499,-3889.75501885347
N0315,3514.43356249393,-5266.06089352072,-772.540035856595
N0316,1051.53116747344,-5660.09880256019,-2736.39203397223
N0317,2302.46162082636,-4568.8373735583,-3796.02179581075
N0318,1071.6041341509,-5637.16822183895,-2775.39812648319
N0319,1257.12497004215,-5834.04538220745,-2242.85961961982
N0320,925.872610137419,-5932.28310009919,-2144.87448593938
N0321,2696.15007663834,-5733.69610807029,-730.467362988271
N0322,1197.33382605226,-5951.1759009786,-1950.64751246902
N0323,4059.5526047883,-4276.1648798446,-2426.46725978699
N0324,1962.63189425061,-5626.80349893403,-2265.71020577016
N0325,1347.72080189939,-6077.16188722795,-1385.50291957606
N0326,3777.94687978261,-4862.33755922845,-1658.51816590428
N0327,2418.91819304568,-5659.22721742171,-1669.54646076835
N0328,3570.79959986114,-5100.80342220293,-1379.94765171018
N0329,1200.76699771015,-6179.66561846204,-1021.59404657403
N0330,2020.90126633797,-5170.34132905613,-3133.59905383252
N0331,1847.86075319443,-5530.88239304521,-2575.047202845
N0332,1971.91916722653,-4856.27722246494,-3623.14077129555
N0333,2675.27235859494,-4470.20161904507,-3667.52737433751
N0334,2195.27293504865,-5882.99670117956,-1116.6443051604
N0335,620.129626848174,-5594.56745209481,-2989.43346581154
N0336,2048.61342886452,-6009.14635148682,-611.205042894847
N0337,2335.73590366659,-5909.58852255741,-549.296088617709
N0338,1663.9209241736,-5005.95885566043,-3573.32816626708
N0339,895.422552779754,-5308.03309106513,-3409.59929911597
N0340,1799.45758400346,-5785.64691330314,-1985.56881898631
N0341,3964.70941371468,-4674.38567938109,-1760.92914370625
N0342,1955.94103059757,-6023.5242057205,-755.502716049794
N0343,2993.90490625076,-4367.87934622663,-3543.46856841592
N0344,1757.28183348514,-4798.9625059674,-3805.50098503399
N0345,2761.99059396159,-4025.19147950813,-4091.10753558077
N0346,1590.60228745798,-4712.18794065606,-3982.5329707801
N0347,3565.20970120638,-5170.65156711726,-1108.74452042946
N0348,1856.90109862404,-6030.63388878208,-928.093947899639
N0349,2583.04846686364,-5778.6789547268,-782.83655316722
N0350,2798.70108199836,-4636.7037438375,-3357.64704860149
N0351,3994.23255364836,-4790.46415520123,-1329.9172512161
N0352,2028.07389130856,-6015.88456627907,-613.395785184901
N0353,2263.2092641888,-5300.80387557922,-2731.55840073218
N0354,3572.52193407968,-4944.73573173527,-1858.0932876185
N0355,1875.69128473627,-5980.24558072912,-1181.18250342532
N0356,3354.08613401555,-4734.85739457549,-2639.86289367918
N0357,3491.15967700914,-4247.14194800858,-3222.47070650995
N0358,1865.87224381328,-6070.32483974297,-591.561283547192
N0359,2306.18183703425,-4158.68446587069,-4236.35554762825
N0360,3799.97493191535,-5074.61009939813,-699.808765340471
N0361,1412.95393255873,-6150.23596840559,-950.847846579128
N0362,1650.81090555634,-4498.42136635035,-4196.84346159523
N0363,4072.88827993575,-4160.11812518486,-2596.18232958598
N0364,1403.39681375779,-5561.13451439925,-2780.82076079936
N0365,2025.77294229912,-4939.2790872631,-3479.34896430802
N0366,1132.44635399624,-6191.60030737586,-1027.26522028067
N0367,1427.00791480357,-5840.83200625138,-2121.04358019997
N0368,2412.76772842939,-5243.5848599666,-2707.83317632004
N0369,1445.88984945539,-5869.86556209259,-2026.62921509373
N0370,2044.32902988616,-6019.40237967616,-517.812295071816
N0371,2632.86005447861,-5132.09729363006,-2713.657963192
N0372,2796.41786906168,-5367.37083871772,-2007.33159865277
N0373,2383.6764028337,-4965.26146837638,-3206.87893785308
N0374,3958.630540304,-4143.50370632657,-2790.82354954865
N0375,1634.64781933275,-5611.71353562551,-2544.37282928928
N0376,3997.15054871024,-4862.18534351837,-1028.36864803763
N0377,4257.63086037563,-4335.3357979755,-1934.63502555713
N0378,1986.0103363006,-5973.55417546556,-1024.79990906541
N0379,3232.97948699298,-4817.91045864803,-2640.51739398235
N0380,2329.9497830438,-5428.40281531002,-2409.30913343524
N0381,1596.34946345967,-5403.22905909723,-2979.56420659791
N0382,2190.57476711931,-5968.45195546693,-509.476298398121
N0383,2959.22328282096,-4045.33270828207,-3931.25935524232
N0384,1284.46225585232,-6175.93735407327,-951.197658907298
N0385,2995.62668634701,-4612.96879937682,-3218.56124319963
N0386,3822.12746310456,-4826.48630732108,-1661.87732826758
N0387,3158.38326171149,-5465.27160243536,-911.795731863191
N0388,2529.12567677983,-5057.45054766013,-2941.12678084897
N0389,1270.16974384022,-6146.37052259212,-1131.80596316546
N0390,2605.3884481915,-4593.97652063894,-3564.15294407309
N0391,3039.21210422988,-5475.24580763569,-1207.57291607883
N0392,1662.14531368709,-4956.15072493502,-3642.38462654683
N0393,1374.19025827337,-6054.1192726777,-1457.98163801344
N0394,3978.11564427927,-4852.71124299645,-1140.22811502942
N0395,3144.88503747586,-5318.01448187384,-1581.48806160465
N0396,3122.98661311761,-5395.41646275706,-1345.67823905174
N0397,3880.92051561011,-4929.00056442817,-1148.02056053856
N0398,3211.53756230289,-4224.22832435751,-3526.87380102826
N0399,3475.09234628246,-5217.4506210093,-1173.43429936661
N0400,1740.11785753882,-5633.06642030828,-2425.24109792046
N0401,2811.32252674368,-5661.83918972083,-846.785547456151
N0402,825.085445933257,-6146.38917308785,-1485.56338042463
N0403,1769.5382105351,-5677.93623636692,-2296.76008801366
N0404,2109.59541871783,-5943.15986209582,-951.929879893781
N0405,3007.03114391208,-5332.87310630529,-1783.824829414
N0406,2920.88328930691,-4958.21078086298,-2741.53809421029
N0407,1466.22974681248,-4678.10542379834,-4066.62551564413
N0408,3650.79213856772,-4775.65901109382,-2125.92610874853
N0409,3155.96863941964,-4874.17111068787,-2630.08875442038
N0410,3161.33981991127,-5386.66995487946,-1289.91981036655
N0411,1178.48327471278,-5938.46818740678,-1999.89582507599
N0412,3935.95909095178,-4556.15478204893,-2099.56262993856
N0413,2412.13763961069,-5146.64215561151,-2884.97937876017
N0414,2635.41510107751,-4598.63942158709,-3536.16580449677
N0415,1340.95254577266,-5563.82011873919,-2805.97518574965
N0416,613.228881417213,-5757.09079944112,-2666.94829757589
N0417,1145.00980522256,-5195.08484465879,-3506.83998491902
N0418,3368.6411675903,-4049.10608192832,-3584.83468988711
N0419,1976.96247294127,-5427.45804191917,-2699.5546145498
N0420,1414.9253970226,-5932.6614150458,-1859.84756928024
N0421,2222.39238450282,-5814.3922491245,-1387.37558411833
N0422,4096.42980204931,-4761.33873810347,-1106.17752163333
N0423,2607.39007879698,-5813.83328985167,-285.697357243706
N0424,3266.76353524044,-4965.95349353248,-2306.03457425368
N0425,2353.30084301539,-4340.87810034825,-4023.73504944352
N0426,3326.75533200098,-4881.04448507272,-2399.50567562165
N0427,3542.92156433854,-5231.70657264107,-869.43517206876
N0428,1604.22255527952,-5698.12161215779,-2366.63936203528
N0429,1318.3894514676,-5744.8038590664,-2429.00995252101
N0430,982.960283175546,-5306.16130412739,-3388.4790734129
N0431,3473.87289902475,-5137.44053166834,-1486.64919345944
N0432,2609.8810094577,-4412.42516830459,-3782.13930566804
N0433,2935.96236871635,-4808.34629187785,-2980.22772837106
N0434,3821.95314045781,-4411.48365725855,-2564.4345270731
N0435,3078.95865504036,-5539.07909058914,-718.740627684021
N0436,2410.06112638332,-4993.74005315257,-3142.11896867871
N0437,1687.70280640141,-4549.41168587153,-4127.66499682781
N0438,1353.5067664121,-4892.82512808012,-3848.27522236396
N0439,2087.44672042691,-4389.9069353513,-4115.74741896483
N0440,2959.25365833087,-5442.14089721959,-1514.48111995724
N0441,3470.34162026158,-5065.60723248899,-1720.58616731486
N0442,1679.58049589142,-6074.79748261716,-975.823769273402
N0443,1214.77712706076,-5466.8149515506,-3042.47368330258
N0444,1010.5995552925,-4998.90706159393,-3817.34823682037
N0445,3491.75238780338,-5128.52195396465,-1475.72140396392
N0446,3628.49513819171,-3981.20322332499,-3403.90185252727
N0447,647.595140865595,-5921.28980207432,-2272.62272158315
N0448,3632.41701191013,-4941.81437027057,-1746.51458571791
N0449,1905.4984008412,-4941.06421369284,-3545.07826114772
N0450,939.408541216983,-5104.82617974757,-3694.18699382811
N0451,1980.6318040414,-5907.8208520521,-1360.15681684596
N0452,1101.94879431231,-5555.82547163406,-2922.6199707669
N0453,1370.95762045241,-5639.04291082456,-2637.34675709063
N0454,3616.8759923203,-4850.28883431959,-2013.41562878477
N0455,1620.28599947854,-5281.5108528687,-3176.96323418376
N0456,1245.89725157498,-6182.90491524894,-947.20329714043
N0457,1088.71418124212,-5647.90947424483,-2746.94629401936
N0458,3510.01923593006,-4729.97024333302,-2439.46664609004
N0459,1343.60707540627,-5414.50068925425,-3081.34982882994
N0460,2061.40070030648,-4274.0935250015,-4247.5829502697
N0461,2696.59654283931,-5666.16362100958,-1139.05506392631
N0462,1578.69309469317,-4642.86909006649,-4066.08124320461
N0463,2105.26371248367,-5563.53246049002,-2297.16542287936
N0464,3568.77660631755,-5156.51807603266,-1161.45399823201
N0465,1976.79610342865,-5294.71229221303,-2953.50053900353
N0466,3354.07038535878,-4857.45103026048,-2408.86614980114
N0467,1596.66149675029,-4974.77188490016,-3646.03977058881
N0468,2768.47645761829,-4265.46344912775,-3837.05804371273
N0469,2762.3939629677,-5696.19725582353,-774.681331815501
N0470,1065.19060155923,-5874.29025438169,-2237.20585990014
N0471,1516.05640469101,-5823.70412111693,-2106.41387530466
N0472,1462.52476412475,-5803.80663703151,-2196.62244058034
N0473,3089.23801829362,-5289.20268722908,-1773.06887886055
N0474,4080.83514671782,-4604.6378811746,-1677.72476027712
N0475,3659.86790464728,-4919.90949461673,-1750.83280669354
N0476,853.069091141029,-5585.42478047439,-2949.13670459152
N0477,2341.04047944089,-4462.46620816731,-3897.22404243402
N0478,3025.75384205989,-4676.051656961,-3097.80203871408
N0479,2552.0338640127,-5517.9992781067,-1931.66233109423
N0480,1781.99433484012,-4709.30377966652,-3902.70907202512
N0481,3144.39120328828,-4942.51797430516,-2514.6356455063
N0482,1994.38644990135,-5450.85087410152,-2640.12141358825
N0483,1270.45570021194,-5620.88958968941,-2724.39091365102
N0484,2270.39372134393,-5826.57548989634,-1253.1432761754
N0485,2383.57360688573,-5506.88921398355,-2168.89933467921
N0486,2837.73406209921,-4291.77558646604,-3756.81047525771
N0487,3090.68905076252,-5148.5376824285,-2142.91580734441
N0488,1986.63840270494,-5141.57583162984,-3203.24585622928
N0489,3350.06605896526,-5364.97488060503,-819.403915344732
N0490,2231.74335446796,-5855.20596751007,-1187.75864274616
N0491,2966.0208104525,-3991.62752787298,-3980.39054041109
N0492,2219.08983174907,-5931.70234890095,-754.920770592469
N0493,1841.24951951327,-4453.43205471813,-4165.61704980381
N0494,3211.62936090898,-5448.46173262719,-823.040285403511
N0495,3247.57300341644,-4611.91151410968,-2967.88031522
N0496,1605.87712053524,-5194.69358143822,-3323.05214358212
N0497,2794.47932542486,-5614.36726031409,-1160.00243926327
N0498,3037.72896543234,-5554.42079568538,-773.522774793986
N0499,1182.6514036354,-5134.11642372154,-3582.79812650891
N0500,2542.64206422551,-4624.34738263029,-3570.22544008238
N0501,1229.74565222089,-6120.57378885826,-1302.13481830244
N0502,2201.47032905617,-5048.03897816259,-3209.00333919014
N0503,3397.63091283255,-4388.93127454823,-3131.85756046481
N0504,2727.6146042148,-4357.60167565812,-3762.57716747798
N0505,1510.62401077323,-5499.38886992087,-2846.2237624856
N0506,2597.80363487632,-5785.37932555046,-678.180811832865
N0507,1030.02311472887,-5569.49668606679,-2922.82958232356
N0508,1050.64524225922,-5728.15556108405,-2592.26425805709
N0509,3653.83124000095,-5077.92966555284,-1240.42152913431
N0510,1423.27387339928,-6137.56419188819,-1004.55430794389
N0511,2944.55054026152,-5031.96996036177,-2578.07814802605
N0512,1004.51446645517,-5553.54364496862,-2961.54242804653
N0513,2975.17938813605,-5569.50412483267,-897.432984063499
N0514,2785.29220467784,-5361.21826921999,-2038.83124482755
N0515,3755.83049860573,-4908.5330768704,-1571.20983070298
N0516,3370.6913546029,-5381.62525837595,-596.63906026561
N0517,2053.23917281474,-5987.14717550798,-786.049986024606
N0518,3205.78986874102,-5189.51359537834,-1857.58845146373
N0519,3308.41763203722,-5155.88980043955,-1769.94189581068
N0520,1937.4133727581,-4839.111834483,-3664.60759667449
N0521,4202.22259243655,-4363.92921743968,-1990.59975442259
N0522,1092.94503360927,-5170.48877407877,-3559.05867284137
N0523,3169.87556430911,-4251.06715605576,-3532.27995340125
N0524,2274.8208870722,-5378.98662584002,-2565.02982623344
N0525,1852.71077417759,-5972.41227285731,-1254.06973059909
N0526,1585.94943165374,-5102.32713844281,-3471.39052106735
N0527,2125.59373384903,-4364.06160651835,-4123.58678477082
N0528,2436.63411501787,-4655.63811968995,-3603.1307647732
N0529,2482.8790878296,-4817.57284939812,-3351.5944160683
N0530,2110.55234974015,-4218.02868923304,-4279.15759878737
N0531,2214.03144204748,-4866.1109505523,-3468.51460274389
N0532,3918.94185484031,-4925.68462311261,-1028.6631136814
N0533,1171.14086216573,-5011.67600553373,-3754.63693666096
N0534,1541.25514751949,-5396.21754107119,-3020.71489850925
N0535,2833.9059635053,-4414.04460327102,-3616.33524092527
N0536,2483.46447819654,-4523.68610582799,-3735.85910121937
N0537,3825.34982138871,-4323.38627982804,-2703.11621036305
N0538,1079.44938946228,-6182.91794371103,-1130.6253697594
N0539,2588.64815264691,-5759.36832533114,-897.508528686052
N0540,2873.16329808171,-5240.56314920469,-2220.85646963479
N0541,2622.37375613095,-5186.3642037851,-2619.62482842042
N0542,1198.36099999951,-5256.64404592515,-3396.27123770025
N0543,3942.224857534,-4363.76190538228,-2462.24060605347
N0544,3421.62393460315,-4951.96924095614,-2103.12624211426
N0545,1051.381477801,-5650.21816124278,-2756.65778306148
N0546,668.394436605355,-5986.43370784611,-2089.75782477072
N0547,2359.12629584208,-5683.46726840327,-1673.91778544682
N0548,2751.75013277429,-4708.69175371247,-3296.1392757353
N0549,1528.74000303951,-5338.85756044338,-3126.42254157079
N0550,3127.0687161136,-5529.5454057042,-569.568269762306
N0551,2817.23988290775,-4999.90364830824,-2773.91159512338
N0552,2867.39921536346,-5446.52381819871,-1667.10088458073
N0553,2509.06359580287,-5762.71973927247,-1081.91488062741
N0554,1723.51851288123,-4484.71395287064,-4182.20834256106
N0555,2005.8468319549,-4685.82679088206,-3821.71105557133
N0556,4170.76823653793,-4233.20166518907,-2311.21609947855
N0557,1426.90444949658,-5939.36973799936,-1829.23737299944
N0558,1825.6853242317,-5979.11183018168,-1261.80207675188
N0559,4128.84756809492,-4279.35590280121,-2301.10774743391
N0560,1732.28387338911,-5017.08149968547,-3525.58563273777
N0561,3321.1205993869,-5260.04928600904,-1405.06814425749
N0562,1958.78695773842,-5642.6245244641,-2229.64149149841
N0563,1130.31429430983,-5632.86876634433,-2760.89965886749
N0564,1421.57034094926,-5693.49564441142,-2490.43318062465
N0565,2393.54645498298,-5261.92803244335,-2689.11748923203
N0566,1602.234856364,-6027.1555045144,-1352.15581131439
N0567,2650.66252590644,-5596.15896748739,-1524.50906918004
N0568,1965.88796855039,-5396.07884306236,-2768.21798157333
N0569,1978.06337939298,-5078.27058948114,-3304.07707118455
N0570,1571.51577167906,-5648.19428119675,-2503.36833182404
N0571,1378.41347658339,-5615.97090862142,-2682.00963843584
N0572,3071.46016771703,-5540.20756065125,-741.458776952415
N0573,936.449109030621,-5382.38091811177,-3280.43246156794
N0574,3297.97328972078,-4574.3961084573,-2970.41872931319
N0575,3187.12456664121,-4427.42708782137,-3294.04777484077
N0576,3431.66811269322,-5251.07980605876,-1151.24827153094
N0577,3399.66875906713,-4893.88837861462,-2267.71699274762
N0578,2419.1382275983,-5859.78015025841,-699.997962191929
N0579,3083.48745432642,-4684.34348118782,-3027.99963310153
N0580,1089.88704126274,-5564.98395156137,-2909.77637348607
N0581,3932.59090912114,-4745.97973265898,-1636.22249923256
N0582,2620.0392109874,-5744.49527501181,-901.516522129578
N0583,3542.60497701214,-5279.55032969226,-506.887051554031
N0584,2628.94857953953,-5065.0107662988,-2839.58964012639
N0585,1008.56353086254,-6055.24366519545,-1725.53161563815
N0586,3536.57417638539,-4256.63432309215,-3160.26615666891
N0587,2348.72147719602,-5369.19300531607,-2518.11687895802
N0588,1667.01444593354,-5360.26524925144,-3017.95735355626
N0589,3152.08611963912,-5427.05411381951,-1134.24975850443
N0590,2246.1598280545,-5531.54052954144,-2247.42321020081
N0591,2560.017800433,-5722.89216148313,-1169.81272376719
N0592,1593.88683200894,-5392.18127956414,-3000.67888841992
N0593,2557.46805223074,-5193.65455902995,-2668.78882867966
N0594,2309.78429794146,-5894.09506941735,-776.883629016785
N0595,3368.8292423116,-5187.08882758325,-1554.51683749856
N0596,1781.07836951587,-5953.86547480916,-1443.83418745463
N0597,2416.14131830952,-5264.21245002646,-2664.88072104971
N0598,2970.29139412289,-5214.37949781298,-2153.97026588569
N0599,1696.28041583894,-5437.68607248316,-2860.05925812863
N0600,2119.58522692996,-5439.66587263152,-2568.43517564458
N0601,2067.80164765532,-5967.32416067802,-891.167272138635
N0602,1161.80348926146,-5345.55532374298,-3268.64017353458
N0603,3994.824585405,-4589.50511071787,-1908.44931713888
N0604,2177.95438859862,-5207.43371190622,-2964.14801001111
N0605,3040.4808493541,-5596.88831562256,-332.756298532007
N0606,3823.22924687187,-4727.43162921831,-1923.42498558984
N0607,1410.21800232181,-5615.76522125822,-2665.96682717541
N0608,1419.2148527499,-5491.01457149589,-2908.33421127858
N0609,1140.40832412155,-6168.23799761364,-1150.66100574369
N0610,1447.30192731906,-4619.12608185797,-4139.80775809703
N0611,3345.85764709791,-5280.58433028806,-1262.5958050474
N0612,2067.60977318604,-5292.33106629935,-2898.79594295689
N0613,1303.79241152479,-5855.41476604961,-2159.53583916501
N0614,2413.95095750217,-4742.56763717101,-3504.36706486029
N0615,3370.54200387112,-5326.79843021295,-970.436665149576
N0616,1218.0518186306,-5824.03596712133,-2289.62545090997
N0617,2700.32632657674,-5168.14761008996,-2576.28911173351
N0618,2713.33345125295,-4765.73884346576,-3245.87250000141
N0619,1585.59405185966,-5172.15273642043,-3367.35689401079
N0620,768.17621923343,-6122.34830184102,-1609.32703445859
N0621,3121.52607351105,-5407.94310911534,-1298.12250546173
N0622,3879.18629411575,-4027.90109890014,-3057.04047193698
N0623,3879.63081480912,-4654.31693984769,-1986.31145680544
N0624,3622.98667227527,-4391.01339309874,-2869.05111396571
N0625,2864.82454667669,-4780.91722516533,-3090.7695767451
N0626,3137.4126136333,-4683.86218389085,-2973.28249337307
N0627,2289.29087800367,-4400.04143070094,-3996.52163656751
N0628,2162.56141842474,-4920.44403060537,-3424.03223574187
N0629,2533.77746575904,-5834.61779126734,-466.16386960533
N0630,2110.57223530126,-5818.71341045943,-1552.60483273633
N0631,1143.5769527576,-4973.28988151165,-3813.31680936091
N0632,1556.27310518886,-6147.37227784878,-683.578872319613
N0633,1044.53619896463,-5880.25309991347,-2231.31091530581
N0634,2548.28276990704,-5635.27598585673,-1554.53243868739
N0635,1979.01174161829,-5958.52091984874,-1121.20957946804
N0636,3357.83432238275,-4690.69592891658,-2712.33934778355
N0637,4102.4298754701,-4685.90525148307,-1372.41024289924
N0638,2965.18538504635,-4739.62299664888,-3059.81125831571
N0639,1904.81684306061,-5646.99773366818,-2264.80383052884
N0640,2807.85115461681,-5220.56456999574,-2346.98918679235
N0641,2717.5573870464,-5583.91687889757,-1450.30700288501
N0642,3475.93623054311,-4875.58817467782,-2191.58262054792
N0643,3769.27071455014,-5055.50463793489,-955.242245314077
N0644,2274.43846208465,-5172.22918985824,-2950.80783471622
N0645,1992.55570276142,-5466.67222273198,-2607.0074344534
N0646,2892.25831232497,-4350.05247180628,-3647.33341714183
N0647,3040.14630461527,-5473.26403819854,-1214.13557936528
N0648,608.384817445016,-5779.44495870767,-2619.60471733857
N0649,2861.45809839685,-5392.42296071136,-1842.9530162497
N0650,1007.63146007243,-6049.88349121227,-1744.64230230012
N0651,2299.88661158068,-5283.36045302034,-2733.49733306084
N0652,3929.53490074763,-4235.68456943086,-2692.48718756806
N0653,2487.09602856085,-5588.44976531604,-1804.54423445211
N0654,1979.36730136353,-4802.3642491974,-3689.72356739948
N0655,1992.76159789455,-5848.85240528702,-1594.36536383934
N0656,3110.5099720719,-5444.34109233911,-1165.41641858393
N0657,3118.00992959273,-5551.20371080325,-376.771437873118
N0658,1468.90086317785,-6099.50162580605,-1168.69554021782
N0659,1392.35907563637,-5737.23493296812,-2405.6734214054
N0660,2494.031770965,-5028.00116659172,-3019.93565461493
N0661,1168.71031342641,-5180.96467771393,-3519.79982182934
N0662,737.244432660295,-6062.02111670332,-1834.7557049566
N0663,1860.26138422559,-5917.3584108524,-1494.61101824754
N0664,999.00236016484,-6163.04321325575,-1299.30392710971
N0665,2382.93111358021,-4847.26148290118,-3381.37009479721
N0666,2892.58101530422,-5515.93686310768,-1370.76971027145
N0667,2981.21896946058,-5140.29508659643,-2310.05127837501
N0668,1800.52860880775,-5340.41425398153,-2976.44941570456
N0669,2680.90809821063,-5599.10497810266,-1459.83410983097
N0670,2009.68022151413,-5703.12772962653,-2022.11292682081
N0671,1808.39632996992,-4666.90835493464,-3941.06978063765
N0672,3459.63626298419,-4984.6625422078,-1959.82063030486
N0673,2184.19601180909,-4873.3410147963,-3477.04369746302
N0674,3323.16750230333,-4464.54129168738,-3105.7052488531
N0675,3003.21152819775,-5492.61630069838,-1218.69886481865
N0676,3227.45945252522,-4505.58052269844,-3146.196296409
N0677,4140.10896346154,-4145.91577692541,-2513.07952625651
N0678,2760.27663078493,-4918.80843064719,-2967.93683250964
N0679,2712.6500293189,-5731.60794854822,-684.533672805282
N0680,4206.21682142374,-4401.64130571166,-1896.43822550351
N0681,2207.00107073369,-5293.67571309411,-2789.14245062726
N0682,1485.14938374927,-5780.06076270937,-2243.24250026567
N0683,3179.30685999747,-4276.8633344341,-3492.72774343298
N0684,534.619349284995,-5850.03321767859,-2476.0161845178
N0685,3295.40687706171,-5431.5704929933,-563.782479076804
N0686,3539.05673130043,-4259.20114863314,-3154.65167909536
N0687,3884.35445668415,-4461.57641004895,-2377.9403159636
N0688,4013.57996771526,-4750.26212368264,-1413.18554695447
N0689,1349.75088376103,-5675.21430760945,-2570.29014256514
N0690,1353.01918724689,-5996.23363607734,-1695.8611913747
N0691,1654.95874702551,-5037.69886083309,-3532.77964187929
N0692,3755.51177996987,-4795.13884599262,-1889.79008549873
N0693,2331.06170927571,-5622.75612863183,-1912.1475266397
N0694,2110.09666987167,-5579.09716727504,-2255.53599766469
N0695,1941.23426655213,-5624.62116322483,-2289.27145237557
N0696,4241.09731020937,-4347.2406097673,-1943.96762207005
N0697,2300.77705082989,-5631.27336626261,-1923.34352957336
N0698,3424.09691170322,-5335.20180319887,-700.191227209782
N0699,2261.146789528,-4894.49352101019,-3397.3574983822
N0700,1921.39208513425,-5989.28524407206,-1055.89299023631
N0701,1125.76057690368,-5572.13616637303,-2882.48717923813
N0702,3505.35021107173,-4458.42556645326,-2909.80794310313
N0703,3225.77008912016,-5350.09967036216,-1282.37848283864
N0704,842.935475801272,-5776.13359348416,-2561.68491918993
N0705,2299.69890300252,-5855.22193451253,-1050.82934262551
N0706,2414.00760222543,-5545.83605078303,-2031.38010607996
N0707,3410.2197757621,-5254.10688153375,-1200.2617907515
N0708,2433.82763475499,-4286.29533265527,-4034.26244229648
N0709,2987.71961597839,-5309.04089371247,-1883.70482586753
N0710,906.577441629242,-5586.13439895602,-2931.89620618369
N0711,3516.39031529389,-4941.93643959021,-1967.24399622824
N0712,3335.04003580251,-5366.05785890525,-871.939237995608
N0713,2545.53309304718,-5026.22865005347,-2979.92966534101
N0714,1551.6818194055,-5595.1716746883,-2630.6941805254
N0715,1199.78187444659,-5694.93781484946,-2600.65189042044
N0716,1013.54209377351,-6162.66175220059,-1289.88168363787
N0717,1950.666108616,-5203.18186772904,-3132.39033534262
N0718,1421.90107628457,-5690.94040052066,-2496.04065384666
N0719,3097.90210615011,-5145.63921305203,-2139.5284800797
N0720,2705.12599100619,-5753.59443277497,-508.351906850449
N0721,3153.00055404038,-4770.59186103853,-2815.77744309881
N0722,3478.85813148032,-5082.46387046099,-1653.14131652624
N0723,3061.28026087611,-5559.38291041823,-632.647169864064
N0724,2557.18291606334,-5809.75443950463,-622.237296692776
N0725,2993.60271737685,-4855.87511721405,-2843.57377800626
N0726,4025.76549667313,-4832.40694903337,-1056.5118034623
N0727,1175.51958947138,-6136.08920435331,-1279.1323859852
N0728,3414.96775472594,-4303.78620866279,-3229.07737202127
N0729,2640.7461181901,-5069.89379704685,-2819.98729159555
N0730,2241.82479590577,-5772.26140847499,-1528.07983870707
N0731,2653.91705889768,-5780.62834112814,-470.466087663489
N0732,1454.49669724838,-5640.88068708564,-2588.54480990761
N0733,2873.13194956177,-5205.10600528225,-2302.09264563375
N0734,1617.09132756858,-6098.38935437837,-933.872805652418
N0735,2981.56671619532,-5610.35786803481,-559.781528691338
N0736,2178.79335218584,-5855.34566209047,-1281.35076299885
N0737,1459.92569010489,-5539.02994356349,-2795.69642040239
N0738,2643.14183125832,-5727.91278729216,-938.688124245045
N0739,2000.72280957829,-4402.45296403704,-4145.22022869911
N0740,2986.93648290823,-5488.14304969968,-1277.34655358732
N0741,3945.46114400662,-4343.7493215872,-2492.14397530908
N0742,3552.53779304963,-5164.14775766623,-1177.51179818123
N0743,829.502461687837,-5974.17164734461,-2067.14463598633
N0744,2784.45117489575,-5110.07493927302,-2602.18684884261
N0745,2370.05890393734,-5912.58337455168,-324.915787813593
N0746,932.58054305732,-5545.3143789066,-2999.97518856404
N0747,1223.35944318123,-6182.70044498761,-975.710568452774
N0748,3252.42437002266,-5004.8465382049,-2241.46841550244
N0749,2249.26028806213,-5339.0438184699,-2667.92855666793
N0750,2227.37056388786,-5134.74821893883,-3049.54055450819
N0751,1640.8664433415,-5839.8098567786,-1964.44049024917
N0752,3194.49076570625,-5232.75990382834,-1753.96408668943
N0753,2968.15891502816,-5636.59779943127,-315.209758802075
N0754,3792.66914380265,-5038.58487127417,-952.679037741379
N0755,1640.05824896169,-5164.85750032169,-3352.53284467464
N0756,1863.41329420848,-4807.28072191661,-3745.09905280203
N0757,3032.50311400635,-5176.82395748983,-2157.66764841666
N0758,1954.05437992184,-5152.49397747669,-3204.70643388552
N0759,3675.76553965745,-4855.03519802693,-1893.58543852534
N0760,4116.14552168945,-4166.41995169403,-2519.31099403292
N0761,2614.07086017622,-4871.70561898354,-3169.76539126322
N0762,795.68628142053,-6097.50680623902,-1687.82019836977
N0763,1488.18274316691,-5387.10855062441,-3063.00143260123
N0764,2699.61091544577,-4046.76374507473,-4111.28194699792
N0765,3674.66544556084,-4455.41865899894,-2699.58954095913
N0766,4240.84019011713,-4363.20476465487,-1908.72616241701
N0767,1324.96400360985,-5854.77051216398,-2148.44395667294
N0768,1725.57214880072,-6082.44707967725,-839.990937300928
N0769,2550.61082189901,-5088.5527708904,-2868.59931281719
N0770,1846.67754548128,-5603.00685246498,-2416.11196614394
N0771,1776.96199765402,-6098.45589504517,-575.857020120533
N0772,3177.20541547825,-3995.82511228967,-3810.71190679615
N0773,3633.35856463204,-5008.00439410829,-1545.90340237568
N0774,1026.14243223345,-5923.35133326233,-2123.9747835873
N0775,1501.33568410513,-4885.00144891057,-3803.68363290445
N0776,1107.18507485147,-6119.11530441476,-1413.43987750952
N0777,1254.89595949501,-6081.5618893278,-1451.3294022815
N0778,1542.02696402167,-5929.58402775171,-1766.89871333845
N0779,3060.6651556383,-4044.99901199292,-3853.6850413437
N0780,3569.52618416869,-4145.79232829996,-3267.96141951876
N0781,2649.2171036187,-5092.31947195062,-2771.58253021247
N0782,3396.79198865315,-5299.69941131843,-1025.76972536727
N0783,3695.6136074901,-4325.00388513581,-2875.33601815593
N0784,3093.31700799366,-4892.01342042041,-2670.81378808096
N0785,3499.41921819792,-4570.05721599765,-2739.69831399583
N0786,2476.81569846386,-5808.17719864875,-898.602656655866
N0787,2981.83368620194,-5159.6838314152,-2265.9067536263
N0788,3502.84565377322,-4784.76316754778,-2341.96780901936
N0789,1981.18477452913,-4763.42384413089,-3738.6310501813
N0790,3563.47612645055,-4897.00440967362,-1995.06435732462
N0791,2916.90225330235,-5187.78014214358,-2286.12977900661
N0792,2164.71379449495,-5963.3095069073,-658.255372581659
N0793,3586.71670169861,-5083.34037699358,-1402.44026662792
N0794,1763.0277304994,-4838.041835265,-3754.92999085179
N0795,2176.01566917935,-5876.47600674724,-1186.48917067508
N0796,2440.47656558863,-5349.62938240632,-2472.58609712275
N0797,987.393245430529,-5969.69484683378,-2010.29265448953
N0798,1733.41756868652,-4672.15209856488,-3968.64604786703
N0799,1817.03105271976,-5920.54374437862,-1535.28601027667
N0800,4008.32395125996,-4690.30451936911,-1614.66836144413
N0801,2585.64985503764,-5279.13849526694,-2467.8217502355
N0802,2980.74142460483,-4535.52059976268,-3339.54104417733
N0803,2125.37325687314,-5574.03037101314,-2255.80941117296
N0804,2315.7740507874,-4318.17051183632,-4069.37228626082
N0805,3703.14980792509,-4979.66664258424,-1469.89384244279
N0806,2999.3466666031,-4556.29880758581,-3294.60268298712
N0807,2200.68732513524,-5284.53074301419,-2810.52053633453
N0808,1719.50344836546,-5864.72090517264,-1818.49953022173
N0809,1249.27023328415,-5157.19796134977,-3526.97798098922
N0810,2053.15238367956,-4603.36574142855,-3895.5188743263
N0811,1419.46709413016,-4861.94236180106,-3863.53174165079
N0812,2374.5729867268,-4196.54058687125,-4161.07642911817
N0813,1825.70086023451,-5881.10498860901,-1674.03849812786
N0814,3436.87144958594,-4689.45985505439,-2614.5844588609
N0815,1154.30110222123,-5822.59651872031,-2325.7800693642
N0816,1245.09774777448,-4873.79801280573,-3908.15249329593
N0817,4024.05294819129,-4719.17492435474,-1485.56370675449
N0818,1665.12510776727,-5631.09467419634,-2481.43183230588
N0819,3241.66819356525,-4105.33319016098,-3637.22148368382
N0820,761.489482757471,-5444.47918251696,-3223.11402702584
N0821,3110.47058843478,-5418.21098114342,-1281.3225355935
N0822,2749.34517588042,-5204.12514315421,-2449.80750710813
N0823,1345.94708180933,-5147.81417763191,-3505.20086802397
N0824,3302.30459283417,-5379.04198252105,-915.65702800878
N0825,1567.75487321981,-6021.13834127005,-1419.08392696783
N0826,654.633744231814,-5686.44063559251,-2804.20195017916
N0827,3479.96612755564,-4823.58557276321,-2296.3625758955
N0828,2777.92535216425,-4521.87056515387,-3526.02802798671
N0829,2006.01179478777,-5921.83185503095,-1258.67471325373
N0830,3075.71476767666,-5143.84702927068,-2175.12645324258
N0831,2177.97296910565,-4639.64821865334,-3783.87440760224
N0832,587.2722952587,-5996.55263030069,-2085.14100043311
N0833,1549.67214461189,-5720.71432035401,-2348.53294114021
N0834,1624.87695573931,-6049.61206742684,-1203.43637494542
N0835,1964.41433053937,-4854.56798937633,-3629.5116377907
N0836,2777.22565039218,-5171.83806802541,-2486.14260685543
N0837,1744.15807482569,-6069.2427588409,-894.784101605876
N0838,1750.22567551632,-5493.79139949101,-2717.72911128948
N0839,1284.70925782665,-5232.69920574617,-3401.64494799173
N0840,836.489121971823,-5348.18989963306,-3361.79873150578
N0841,3410.34883933901,-4812.4314835137,-2419.83430517494
N0842,1183.51562487021,-5077.43306197638,-3661.88065601657
N0843,4112.714361006,-4630.25052537809,-1523.69228535841
N0844,1941.35928906014,-4993.78383208921,-3450.15612025467
N0845,834.880829217618,-5928.66862652917,-2191.39204872114
N0846,1978.10308505811,-5891.06827437774,-1441.4784660722
N0847,1494.75915387697,-5591.46172583418,-2670.9571231303
N0848,1904.11404432955,-5782.1143309034,-1896.89923314371
N0849,3027.16830513135,-5071.87018070736,-2399.15218657928
N0850,2350.31096999056,-5444.7698776254,-2351.94904876695
N0851,2180.44281657151,-5451.40556085419,-2489.35269029604
N0852,2389.10809039701,-5869.10698805816,-724.418811110871
N0853,1126.42952696971,-5045.56331875433,-3723.00935156012
N0854,3211.55310234831,-3971.85555128944,-3806.99924018765
N0855,1994.23225427103,-5509.68756608518,-2513.64744620128
N0856,725.778967825634,-5965.46743269723,-2129.91586042392
N0857,2576.6081543825,-5137.99485454807,-2755.93193040881
N0858,4135.4279452637,-4223.88786742147,-2389.88594170286
N0859,3276.2299635326,-4176.49160776536,-3524.23976153449
N0860,3564.06777138552,-5251.77830659149,-629.273498381171
N0861,2965.15394933865,-5550.78896428385,-1035.28347189165
N0862,1898.08793378473,-5335.07906895163,-2926.79840708587
N0863,3204.67090900348,-5230.8724073581,-1740.95757917625
N0864,2540.4676637266,-5380.90096442537,-2296.34418304101
N0865,3677.79998856253,-4224.54785368322,-3040.62227083152
N0866,3494.08653464772,-4305.63003439743,-3141.21886756809
N0867,3331.61350355478,-5362.71571435839,-904.840340173535
N0868,1852.17399176285,-4670.58383099008,-3916.54071991239
N0869,1098.74211363261,-5959.37220538143,-1983.15101244516
N0870,4021.0331673168,-4346.3642798869,-2364.49748659825
N0871,2265.99916720305,-5738.34362031132,-1618.37578454429
N0872,2867.25781672893,-5615.1655517527,-961.591434739376
N0873,1555.18865015641,-4592.01376269522,-4132.00570795901
N0874,1030.14216784785,-6145.84036083983,-1354.90490624659
N0875,2014.09091696188,-6014.27362802663,-672.141475204131
N0876,1844.90532749849,-5533.11130010285,-2572.3950513703
N0877,2170.61735057199,-5847.01967938739,-1331.86939878969
N0878,2617.28385470233,-5699.22845776053,-1158.61471473285
N0879,2941.29714172069,-5598.8784025427,-823.703586725478
N0880,799.321657640952,-5695.9670857737,-2747.16251745458
N0881,2446.50846976473,-5838.58547037311,-777.160217414426
N0882,933.210181439094,-5870.92556879424,-2303.54402109891
N0883,2274.10004962057,-5085.49137767048,-3096.16353920664
N0884,2438.38300711084,-5657.82501762979,-1645.84078500783
N0885,3055.01692287439,-4138.12154971684,-3758.76799198181
N0886,2064.0502806935,-5977.94457930326,-826.555260973008
N0887,1129.56400795722,-5409.74141931624,-3173.58860791429
N0888,1830.2623623109,-4438.84392339516,-4186.12265951503
N0889,3590.87048937494,-5115.82906962592,-1267.94680699532
N0890,1048.04182127725,-5309.93927673917,-3363.13388175297
N0891,3377.73105769911,-5068.75104638918,-1885.99134435385
N0892,1633.08829460961,-5751.96157456722,-2212.65085296227
N0893,2076.60051653122,-5784.63439480086,-1713.64162922233
N0894,617.169361445203,-5530.37925861724,-3106.38978580042
N0895,1107.93299544376,-5240.04007868963,-3451.79763591072
N0896,1493.0668336345,-4609.4791790731,-4135.1206028282
N0897,2685.21096212325,-5400.46411604856,-2069.6709343697
N0898,3928.45984307276,-4608.85957880041,-1996.43002660202
N0899,1481.64083588578,-5627.29192402793,-2602.59517523355
N0900,3023.56939913844,-4050.73247468218,-3876.72240904264
N0901,1960.41787864405,-5928.61124592949,-1297.38151071604
N0902,2674.71691212417,-5072.59711047858,-2783.11417926991
N0903,3453.05747581904,-4991.00219705797,-1955.31799210009
N0904,1863.533027424,-5402.16812904794,-2823.29814733545
N0905,2231.45929187087,-5546.26533871123,-2225.76809041605
N0906,2420.14693135388,-4591.61287584368,-3694.57880991046
N0907,3288.31315537428,-5253.26394336149,-1504.28116631535
N0908,2524.68981763698,-4530.60707836225,-3699.88530818296
N0909,1341.98302172224,-6118.658962962,-1197.43739181686
N0910,3860.67378016544,-4600.28976594096,-2141.78437910487
N0911,2511.3799786788,-4478.39335885835,-3771.37181666858
N0912,3356.97622042557,-5108.33999335222,-1815.40409601925
N0913,3393.25064454531,-5242.56446510745,-1294.06052028494
N0914,1769.89560635876,-4466.21001494687,-4182.82134962838
N0915,2131.2687540739,-5425.69462987019,-2586.98770538467
N0916,1702.1587743923,-5821.20638536586,-1967.47869411608
N0917,3156.2839735663,-4771.2572710731,-2811.05109595708
N0918,3116.98243681584,-4698.60879010747,-2971.50376558768
N0919,1984.99308174494,-5686.88237746734,-2090.6071964467
N0920,2791.08322654827,-5660.11565788878,-921.438492495348
N0921,3496.8616828886,-4159.66803750202,-3327.93751439718
N0922,1440.16490072025,-6088.40661223762,-1258.59542438137
N0923,2401.22604718473,-4891.0646207781,-3305.0019268635
N0924,2208.52618338696,-5795.07046090254,-1488.42214029993
N0925,3849.89059592306,-4787.99398709507,-1708.32396299636
N0926,2838.96121235933,-4468.61013638015,-3545.34959797538
N0927,1772.1314265032,-5477.87760704339,-2735.47422505171
N0928,2127.1319884097,-5989.75639501207,-527.69172250579
N0929,1674.96266558708,-6064.03306647199,-1055.18430545047
N0930,4205.36169344466,-4534.63489681446,-1556.43021216286
N0931,1773.11067100971,-5179.7966904531,-3262.48568166203
N0932,3344.14002711102,-4282.56099826681,-3329.03071293341
N0933,1335.77226047918,-5138.78631854097,-3522.18413539667
N0934,2620.64511881744,-5653.16626106976,-1358.01500749663
N0935,3924.35983273002,-4908.51381298263,-1088.07928604818
N0936,2064.90633356551,-5877.19602033321,-1366.15995808499
N0937,1885.26394942475,-4963.0912254696,-3524.92613981672
N0938,3723.5505689403,-4808.50922215804,-1918.45955162579
N0939,3118.75437737689,-4131.47106987733,-3713.77064304613
N0940,2186.9848474515,-5977.53375201352,-409.558212534559
N0941,2410.59501167038,-5885.82507642909,-476.123968457558
N0942,1150.83058957572,-6180.88842822198,-1070.14420558505
N0943,1772.42214250897,-5816.01954127564,-1920.51396076135
N0944,1935.68713479735,-4587.50216505771,-3973.29250744126
N0945,3511.58304531441,-4502.80060204595,-2834.42339216032
N0946,3982.68436937072,-4527.17007316984,-2074.53997216505
N0947,3636.6142040199,-4075.03290195401,-3282.85078718265
N0948,3963.50523320045,-4775.01580915911,-1469.60865777515
N0949,3660.70045788138,-4227.70368211286,-3056.70946693964
N0950,1872.01894367371,-5093.10616981447,-3346.4202864886
N0951,3344.66954214328,-4848.89629807391,-2438.99120233505
N0952,2533.71203351452,-5049.05646472662,-2951.50718607043
N0953,1696.17474967758,-4574.92416551447,-4095.62314933078
N0954,2210.79093033468,-5286.15697958132,-2800.56099147715
N0955,1623.65238291472,-5462.22811835549,-2855.47435919314
N0956,3181.57371939031,-4904.36282161706,-2542.51293816514
N0957,2680.16761044252,-5777.57915633172,-342.387815751874
N0958,3374.21674934545,-4636.35581088378,-2784.48119004945
N0959,919.341394231567,-5842.66972102551,-2379.20043019305
N0960,1847.71549882105,-5609.39268544112,-2400.55635457435
N0961,581.301798171287,-5793.76699363646,-2594.16375304856
N0962,1751.52424282697,-4836.53853915803,-3762.59359251229
N0963,3514.38192093011,-5128.77351788798,-1420.27280114193
N0964,2657.87088815203,-5436.93572601245,-2014.93754295493
N0965,3811.67818677383,-4162.12464455715,-2961.31028796604
N0966,2292.8820520786,-4611.542041864,-3750.20258321556
N0967,2824.47321579812,-4929.1076636597,-2889.96199588134
N0968,1328.59337304325,-4968.4961365312,-3759.57354479404
N0969,2130.98386993677,-4283.12077587873,-4204.21889735383
N0970,2193.30307075536,-5411.96276496238,-2565.74465697899
N0971,3486.83418544342,-5287.05296217055,-754.446052742066
N0972,1484.1722077641,-5767.51668089335,-2275.71977569716
N0973,2713.97555574212,-4879.6298802764,-3072.72185263798
N0974,1892.58831194967,-5865.92017518221,-1652.97870222558
N0975,2603.45354710604,-4052.72001190834,-4166.68287623979
N0976,2346.94074586296,-5851.49411408265,-963.730772399799
N0977,2223.73239741938,-4987.12150830988,-3285.73304664802
N0978,2235.96604050387,-4481.52246589609,-3936.0886057352
N0979,1974.34056638825,-4533.48683253136,-4015.61284105552
N0980,2314.46126427712,-5403.55309965645,-2478.24086149086
N0981,2797.87706745485,-5655.03184835101,-931.934372845012
N0982,1944.26282332574,-6031.43501095546,-722.19915100763
N0983,1683.97721536722,-5439.14231165402,-2864.52759953314
N0984,2034.55783433517,-5150.04154003672,-3156.79494845479
N0985,1509.34213323776,-5627.98800404003,-2585.23275232698
N0986,3609.8913461992,-4944.37926903437,-1784.75950172467
N0987,2664.57958671598,-4257.41478880703,-3918.2245755301
N0988,1202.29112396933,-6186.809966784,-975.843525973286
N0989,1239.31181556878,-5844.14072122717,-2226.54032583593
N0990,2926.55029752345,-5560.36958316484,-1092.17192741395
N0991,4080.33788815483,-4682.34392967099,-1448.00170111854
N0992,2681.00769050274,-5105.3155717313,-2716.91739569073
N0993,1980.25739348095,-4448.19009338014,-4106.32666861231
N0994,1816.47504741584,-5112.76602006064,-3348.84266249795
N0995,3978.22738942865,-4355.70887151917,-2418.59171061484
N0996,3110.67236040294,-4051.43738168932,-3806.91158615473
N0997,3463.21490716145,-4449.82371804607,-2972.21522151402
N0998,1701.12724442495,-5699.03342393584,-2296.19718003658
N0999,3071.2679006373,-4621.43084631277,-3134.50730244553
N1000,2370.50972850956,-4487.13556790157,-3850.9845230481
N1001,1559.22900401784,-5532.54172437558,-2754.90186827011
N1002,3776.88049644112,-4396.02921773043,-2654.91757446293
N1003,2779.77544969902,-5093.28578848357,-2639.55515979647
N1004,1574.03201704255,-5697.20021213979,-2388.87342194752
N1005,1059.77886758167,-5823.15255587296,-2368.68950424824
N1006,2403.5622981488,-5545.45839364254,-2044.87843890574
N1007,2516.90532882715,-5582.77496470844,-1777.7276184134
N1008,3566.82464074103,-4077.701317331,-3354.82865756977
N1009,3090.09623237064,-3990.8399838703,-3886.30438897625
N1010,1802.05532430101,-5490.75022083961,-2690.03966387455
N1011,1761.13536359659,-5036.49415483777,-3483.90481535637
N1012,2859.98506472527,-5679.99134788643,-487.892975836881
N1013,2826.03929926798,-5697.4463511542,-482.262986951819
N1014,2845.87406813429,-4253.51013525298,-3793.73896712585
N1015,3414.60508634505,-4965.59484509158,-2082.43420322923
N1016,3395.84171661417,-5296.79091174483,-1043.38106156259
N1017,2321.3731902691,-5737.72702251122,-1536.19695264901
N1018,3982.29866924115,-4788.67138069959,-1371.25906789898
N1019,1068.89109486803,-5849.72156472119,-2298.55680671544
N1020,2500.97056489008,-4675.06292175677,-3533.68492171793
N1021,2070.91659168063,-4955.801522424,-3429.15311215216
N1022,2540.49730751477,-5480.88035534997,-2045.1918004625
N1023,2434.82141119946,-5700.10556579246,-1499.5158913815
N1024,2262.11483599787,-4836.43531197067,-3478.5715552145
N1025,1533.00868571819,-5982.46877351999,-1589.69772097799
N1026,1740.20082069864,-6083.94312321858,-798.081857468041
N1027,1940.40532825042,-5824.16667974159,-1740.01683048071
N1028,1949.16742987092,-5416.72139564384,-2739.87690540354
N1029,1236.84238217234,-4905.42064290221,-3871.28346779208
N1030,2918.78544196303,-5573.62067251117,-1044.51693954037
N1031,1145.71031553239,-6041.77240702416,-1686.97975896429
N1032,3232.01082309718,-4389.28167418619,-3301.48554944404
N1033,2412.65943952568,-5695.95431935711,-1549.89194613516
N1034,3935.35471459997,-4810.08494991566,-1430.21552587032
N1035,1662.06460846903,-5549.43018552317,-2659.80348661223
N1036,4078.70167316809,-4470.77313881177,-2009.63836543948
N1037,2102.57103634701,-5419.95772788814,-2622.65541503058
N1038,1500.31335900757,-5955.05739442551,-1716.76198038346
N1039,1357.20776156031,-6021.8173802629,-1599.75511124717
N1040,1277.74929081913,-6139.08505266105,-1162.19598591887
N1041,4013.5231910343,-4633.9418491545,-1757.28223836776
N1042,3031.12063122135,-4008.20944098776,-3914.5810569949
N1043,1411.62378971595,-5363.20587406505,-3139.70141527036
N1044,3584.0032628205,-4081.38567072021,-3332.11519933068
N1045,3842.13401253059,-4994.72819849454,-984.06216653985
N1046,2325.58406405489,-5780.6770548897,-1358.90669196701
N1047,3317.42183111805,-4627.20730781779,-2866.23725022278
N1048,2497.21083937901,-4228.01570533285,-4056.80967599298
N1049,2193.6064474799,-5404.88720071175,-2581.65305929138
N1050,4031.27700939133,-4317.7949871004,-2399.13353653384
N1051,3279.99289303665,-5185.29705338205,-1736.81631927761
N1052,1425.10887915867,-5695.88990033066,-2482.97513700973
N1053,2176.22586750269,-5253.53065575374,-2887.95860512518
N1054,1673.38854565254,-4561.77492966483,-4119.12494426278
N1055,3663.16406852188,-4586.15651725987,-2488.74220958124
N1056,2734.50580936436,-5501.22838322276,-1709.64012265513
N1057,1462.08555542361,-4788.71687183393,-3938.56761678896
N1058,2512.58421703668,-4713.12395757598,-3474.80503026128
N1059,3821.28861499065,-5019.78286252575,-936.736948420538
N1060,1711.93157781857,-4453.33276899203,-4220.95230481636
N1061,2749.66599954474,-4949.86103025259,-2926.17184407973
N1062,3127.23927231005,-5381.62438477967,-1389.97258313285
N1063,1463.78627941518,-5951.22590332708,-1760.72622275523
N1064,643.104630779216,-5782.07191061068,-2605.57219221188
N1065,2326.99143030096,-5919.44630051335,-475.531004845272
N1066,1271.53156497383,-6139.86143147624,-1164.88835324643
N1067,2299.25223458846,-5245.27452876082,-2809.78549241832
N1068,1464.17026917898,-4969.99969193881,-3707.2168850065
N1069,4158.94712610545,-4374.94313655965,-2055.83001293201
N1070,1530.01118546838,-5868.10134892392,-1969.55653066485
N1071,3659.80943841103,-4157.74345837578,-3151.61710332071
N1072,1288.201523076,-4848.89680612192,-3925.0043338542
N1073,4153.77782116838,-4141.51982757744,-2499.66255297715
N1074,1740.83973264993,-5621.40057668216,-2451.47210750994
N1075,2601.44061660098,-5241.4495397082,-2530.0251090123
N1076,1878.6855975692,-6008.18551610584,-1024.38687239964
N1077,3895.92095325048,-4320.84059854527,-2605.23998510341
N1078,1951.69259710575,-5737.68969160176,-1980.98533611515
N1079,4086.62595010512,-4349.15865167735,-2245.15185281892
N1080,3520.63334131778,-4775.00283587711,-2335.0868970987
N1081,3795.47342968047,-4975.02989483231,-1232.05908017322
N1082,2224.81697685431,-4441.36492677488,-3987.34579506459
N1083,3652.99526436747,-4591.09865813055,-2494.73643810058
N1084,4222.83798657474,-4233.73804663693,-2213.89217480331
N1085,613.494531400941,-5652.25176946713,-2881.0474518649
N1086,1244.25945328818,-5264.10114913859,-3368.29077493956
N1087,3944.62472503502,-4844.62832138813,-1281.16309719255
N1088,862.821650907968,-5967.07285648344,-2073.95418988365
N1089,1111.41487505573,-5640.85856120466,-2752.30319774525
N1090,3010.02149150259,-5195.26312410694,-2144.97458732062
N1091,3847.03115578057,-4897.61787818926,-1373.19931372404
N1092,2001.33475858088,-4496.78901590009,-4043.13063449076
N1093,1877.24445970357,-5930.94441425202,-1412.11433685825
N1094,1798.3397260712,-5662.61042382416,-2312.07273382876
N1095,1306.06497165137,-5853.20735910391,-2164.11104777766
N1096,1044.56354382797,-5233.83208687863,-3480.65897028734
N1097,3664.5138017522,-5170.29825536829,-720.802167797259
N1098,1894.52778805788,-5395.64609542993,-2815.86205506558
N1099,3013.63177606791,-4274.22252940565,-3638.76363113754
N1100,1769.35527387186,-5593.84741440588,-2493.43866826556
N1101,2168.43868620649,-5815.90243841684,-1464.06419201024
N1102,3820.12909095911,-4189.77475771102,-2911.34100891509
N1103,2117.53204860606,-5981.52958291021,-645.839626937729
N1104,2080.64089847375,-5185.74056930748,-3068.38534849519
N1105,3168.51657515419,-4377.39111152072,-3377.07164908639
N1106,3326.60311828079,-5230.26518328841,-1500.17160114269
N1107,3171.77032069595,-5175.65907422841,-1951.79667097557
N1108,1808.86082755204,-4777.53305569516,-3808.28137053855
N1109,3610.9338801028,-4950.29716106517,-1766.42095885314
N1110,2187.82781525059,-5152.42842989568,-3051.55524983769
N1111,3127.68985003314,-5066.68590043147,-2278.86399559996
N1112,4055.89336425479,-4696.00390911298,-1472.40547758142
N1113,1883.15846000304,-6070.72804200306,-530.09737147738
N1114,869.277395944212,-5555.26052632012,-3000.5787515971
N1115,2704.30103510281,-5356.26436859491,-2158.1030825489
N1116,3087.42986716219,-5256.20566708985,-1870.85945638568
N1117,3353.80189648433,-4333.26990305417,-3253.45635223564
N1118,631.451529307938,-5856.61237434362,-2437.62270580822
N1119,2645.75975196377,-4626.7913821951,-3491.71168886743
N1120,2697.92206249119,-4244.05732205742,-3909.87542371494
N1121,1526.23669697483,-4766.48435666243,-3941.05018465021
N1122,2918.95735708356,-5491.12480452063,-1413.03536249517
N1123,1324.39251210491,-5376.53616557509,-3154.76920335248
N1124,1138.36434537466,-5783.76498092114,-2427.59461253913
N1125,1666.14074435305,-4919.86430183078,-3689.65038545855
N1126,2428.21094500402,-4804.16749954528,-3410.08715028157
N1127,1800.71928615293,-5140.92339088029,-3311.41013697716
N1128,3181.9744115568,-5464.17153039678,-835.048999148688
N1129,1986.91512244743,-5336.16790050923,-2870.9372615009
N1130,1622.00106669138,-5914.93146553284,-1744.44156078907
N1131,2647.66902882254,-4799.91112147088,-3249.79865242311
N1132,2680.25335135372,-4410.5952220203,-3734.9800657373
N1133,3376.20827570433,-4956.39991476124,-2164.75898672443
N1134,1217.70505076147,-5977.05045422717,-1857.30878333004
N1135,1662.54895954295,-5810.39440532477,-2031.8206509215
N1136,2442.97762197486,-5692.75039789022,-1513.97775715582
N1137,1295.09314846466,-5468.20150155845,-3006.88604017513
N1138,1716.33781673646,-4607.95422395195,-4049.41548956264
N1139,608.379149270427,-5987.73385738875,-2104.21699728704
N1140,3801.30753378506,-4277.59042568612,-2807.09900135069
N1141,2604.35850923492,-5731.58346947044,-1020.68360889795
N1142,2554.46458396335,-4878.58551760212,-3207.26783499926
N1143,875.070967685969,-5372.04764375981,-3313.91866814233
N1144,2432.85721382552,-5875.65031433501,-488.430747592152
N1145,1236.57761284693,-6102.32209856513,-1378.5567421262
N1146,940.638069617944,-5662.93221796295,-2770.45291256082
N1147,2213.22444775442,-5653.96207858337,-1960.03959151588
N1148,3120.97270747674,-4739.41550693632,-2902.15980355345
N1149,2297.63063718924,-5483.28740751504,-2312.50216716451
N1150,4051.52834052935,-4303.66641712253,-2391.01459794845
N1151,1868.66393611202,-5449.89105782014,-2727.18042104996
N1152,1129.62927344564,-5638.37893178609,-2749.98416866655
N1153,3462.05535195488,-4597.48206627029,-2741.10303071767
N1154,2214.32738790793,-5310.03503325236,-2754.41042726289
N1155,3540.04859096301,-5249.96762451325,-765.507210081324
N1156,2924.83827601183,-4969.36873320554,-2717.18425011243
N1157,3421.94852064295,-5355.22966144513,-539.717377271071
N1158,3657.03955222326,-4762.99556390563,-2143.5055809273
N1159,3203.97715820157,-5288.83286814016,-1560.63154504966
N1160,1728.14474180847,-4793.39989854637,-3827.16695444467
N1161,1855.01387672382,-4981.23940975312,-3521.77394479207
N1162,2730.02763967821,-4963.97447318891,-2920.69422896997
N1163,2407.76405222897,-4934.35229043893,-3235.93701082029
N1164,1671.99431939538,-4551.92362088735,-4131.24685076443
N1165,2512.71446265036,-4551.32499982212,-3682.68591133899
N1166,3673.78747062273,-5006.00007708901,-1454.0926994475
N1167,2326.6532815901,-4165.92506113294,-4218.13136251236
N1168,1730.47702812784,-5661.04384084272,-2366.67678621535
N1169,2511.74462125504,-4516.46883618792,-3725.7193015915
N1170,2266.5184063277,-5164.63016835716,-2969.9206130077
N1171,3904.34403619068,-4507.60738385556,-2256.18617494712
N1172,1824.62906036879,-5332.62755003122,-2976.2949664285
N1173,3633.6455357805,-4180.71695293914,-3151.50155753024
N1174,2966.23196662289,-5620.54490680544,-538.844508546467
N1175,2758.97798748864,-5671.52749913678,-947.523510926136
N1176,2328.63645522274,-5607.5821632997,-1958.3803698394
N1177,3317.80160684713,-4823.14819036947,-2524.30368707616
N1178,1575.89792021921,-4616.92127517872,-4097.62639620447
N1179,3556.29288755748,-5168.21501516653,-1147.73391017476
N1180,1697.68438681519,-6024.72163169194,-1224.18705661662
N1181,2223.55276752409,-4706.97952752584,-3673.29853215535
N1182,2966.25577981897,-4844.93565775377,-2890.20149650037
N1183,2230.23413022657,-5904.77998887731,-914.960910161734
N1184,2548.46290270238,-4625.66726803637,-3564.41488544903
N1185,965.686230398706,-5162.44059939436,-3606.89688157295
N1186,986.034682537244,-6041.1491995492,-1786.46044452721
N1187,2654.09667066673,-5388.95586635231,-2139.82470797644
N1188,4001.21964589827,-4850.12493711591,-1068.4993374926
N1189,2506.92720116447,-4618.6335728298,-3602.50857849049
N1190,1307.55412213306,-6070.2413949984,-1452.2350047122
N1191,1298.30758593542,-6092.02461346611,-1367.39578841661
N1192,2559.35458869306,-5081.1691001882,-2873.84902386285
N1193,1613.68777805999,-5151.90716848508,-3384.87914920502
N1194,712.701365425024,-5497.41653599253,-3143.9700611332
N1195,1383.71196571212,-5096.47420679146,-3564.61293108024
N1196,2857.70438659365,-4808.61939461614,-3054.36171802696
N1197,4178.37435419499,-4520.27128637995,-1666.75770250866
N1198,3075.19908748549,-5247.73753058678,-1914.14012371572
N1199,2055.56895095609,-5631.61955209435,-2173.24581362025
N1200,2033.15879845166,-5618.18806591268,-2226.52863526491
N1201,3487.45840424748,-4004.00094814059,-3521.73864451344
N1202,2003.77106857687,-5712.70297233119,-2000.97962669209
N1203,3428.74458967291,-4758.73614291351,-2498.0900112312
N1204,4111.81780845135,-4667.84391569442,-1406.31105972789
N1205,1377.30602428377,-5716.70480216916,-2462.16516189192
N1206,3145.14189003037,-5227.34961413579,-1855.27306967387
N1207,1203.38589534407,-5562.21518930358,-2870.345531464
N1208,2043.09168809847,-5075.35661472992,-3268.64006425624
N1209,1221.91224425619,-5600.43972994115,-2787.54642841185
N1210,2078.90331027762,-6014.52668199729,-429.346338831846
N1211,2161.9343465878,-5415.66933522792,-2582.75045985186
N1212,3920.85607258687,-4157.0532477466,-2823.58744331413
N1213,3295.22533773269,-4440.6188918294,-3168.01454380228
N1214,954.451990290792,-6145.82817014144,-1408.93968196266
N1215,725.737877148587,-6069.8670508198,-1813.42100644368
N1216,2247.45258227474,-5241.49599935718,-2854.26680473275
N1217,1521.47083601578,-5922.78441078669,-1806.80851475924
N1218,3561.50080395119,-4042.21646854207,-3402.760108159
N1219,4027.57286299662,-4542.7131405741,-1950.9814325138
N1220,3133.60803311389,-5238.54964882648,-1843.26738963894
N1221,850.192386124568,-5847.54914065235,-2392.796512618
N1222,1605.73902721921,-5915.38463545018,-1757.7939785298
N1223,3040.20653101737,-5504.3857354464,-1065.12201080017
N1224,4198.3070484967,-4394.84396027322,-1929.23376923359
N1225,1380.45625317979,-4666.51409854175,-4109.6257084843
N1226,3178.91056132203,-4221.8402328169,-3558.92993807711
N1227,3921.00202943994,-4913.94858789019,-1076.19040103903
N1228,3962.26070077243,-4294.16937189774,-2551.22360161129
N1229,1450.22275230932,-5994.95696684993,-1618.790660443
N1230,2213.29038161468,-5858.25104225845,-1207.0299086375
N1231,3081.20317402884,-5441.59227240774,-1252.66998377291
N1232,2106.96909581018,-4987.40861051475,-3361.45094527506
N1233,1407.65489145884,-4944.71761987824,-3762.13283899123
N1234,1109.72797490706,-5177.61223031055,-3543.58045531326
N1235,1307.44261025846,-6134.63324812119,-1152.72232464664
N1236,4085.63944492194,-4331.76158737098,-2280.99050784118
N1237,1338.05456791408,-6018.98002900679,-1626.17529040532
N1238,3309.3421315259,-4776.83431561235,-2620.56311474598
N1239,2819.17671491392,-5588.38835437526,-1223.67213390064
N1240,2797.9865653048,-4141.30180691737,-3949.24642650784
N1241,1275.29491043469,-5531.94346850831,-2897.48921140243
N1242,3383.15125517915,-4075.57107234752,-3541.21017333247
N1243,1879.36568552935,-5448.72834462106,-2722.18341225217
N1244,3946.87656259889,-4383.45633139765,-2420.54192432593
N1245,2102.00981502363,-5365.81158282094,-2734.72145836615
N1246,1389.02475028624,-6151.52143145071,-978.219546306301
N1247,4108.02215722406,-4409.97466426531,-2083.20642394138
N1248,1006.05495324554,-5284.74359383323,-3414.89062025102
N1249,1263.76358246965,-5973.92566833894,-1836.62094811008
N1250,1985.38427450306,-5742.0370964811,-1936.44440958294
N1251,3388.48370013177,-4704.37586583617,-2650.24217640426
N1252,3440.8514871298,-5182.71697733284,-1404.45278300805
N1253,2536.16213312984,-4277.90019724755,-3980.1354843416
N1254,2953.38761793822,-5630.87495321167,-500.184882602489
N1255,2101.89557328311,-4304.45181291428,-4197.11910328038
N1256,2386.12633263369,-4167.42326915698,-4183.51788026697
N1257,2498.57052127605,-5428.96917083044,-2230.11008842811
N1258,1218.25839272464,-5406.1006649116,-3147.05386289759
N1259,1994.44846722678,-5806.63649336207,-1738.89949458669
N1260,2773.6711679479,-5645.22689609069,-1055.09640605842
N1261,2012.01982538452,-4352.40714620116,-4191.93871691572
N1262,3774.75619453546,-4915.98390688095,-1501.47552881414
N1263,2472.01264296417,-5455.8104773448,-2193.307011002
N1264,3349.84331305358,-4506.07221447814,-3016.52215825973
N1265,2175.18537516248,-5253.6337171115,-2888.61414838398
N1266,1932.63135509035,-4501.17971058605,-4071.24925820087
N1267,2444.92093631778,-5874.03879509479,-445.589851799321
N1268,3093.83445216205,-5216.1030859244,-1969.40526872444
N1269,1483.06088622944,-5674.28905270945,-2498.34614741767
N1270,1105.85595446229,-5392.15275393815,-3211.38923488366
N1271,780.801822154188,-5495.21661888864,-3131.70070980444
N1272,1856.9895714827,-4992.40167514235,-3505.12425940604
N1273,3028.29385507248,-4207.18166107429,-3703.69651709729
N1274,1145.25680748911,-6157.95733033823,-1199.52989522902
N1275,3624.57991929985,-5152.19309479834,-999.215721703599
N1276,1413.98195377236,-5269.55041712589,-3292.45429731763
N1277,3511.51576824951,-5086.07175267969,-1571.34876160149
N1278,643.0561859743,-6047.7058208568,-1915.11195939435
N1279,3890.88814118817,-4341.57462576559,-2579.90451670107
N1280,1949.57339061557,-5633.24441826694,-2260.99938983482
N1281,2428.99959991834,-5188.82029223606,-2798.34875000112
N1282,3821.68292469876,-4037.98561558824,-3115.21693733621
N1283,2867.47298692394,-4215.92596876734,-3819.16788864598
N1284,2988.34874108652,-5573.06919918877,-829.539139928025
N1285,3205.35171616638,-4090.18729261026,-3685.81493834704
N1286,2446.6130755154,-4640.95874492784,-3615.19576243731
N1287,1515.08412531544,-5713.78268296311,-2387.38850094578
N1288,3242.09719255029,-5048.12538162539,-2157.73371150695
N1289,2680.28492205863,-5550.65542401765,-1634.4370012041
N1290,1486.90247742078,-5204.17238534725,-3363.08127107839
N1291,2225.04415773186,-5195.91262514784,-2947.93913487035
N1292,2368.18754505588,-5870.05513659634,-782.882931558616
N1293,3085.57913055311,-5249.97658525621,-1891.33631937652
N1294,1822.50324773243,-5578.36908334983,-2489.84939635344
N1295,2617.42308701452,-5240.7912209548,-2514.89859299404
N1296,2781.46718711387,-5646.04169202725,-1029.92679658118
N1297,1148.55388340459,-6039.38179244359,-1693.54937619863
N1298,3344.21274583355,-4269.53238479783,-3345.5395379635
N1299,3213.84124136203,-5465.68683690801,-689.737815431254
N1300,3777.52443059558,-4137.71249440572,-3037.77682227045
N1301,1084.53025688714,-6123.47103141572,-1412.14742662386
N1302,2695.83112002279,-5179.88473527978,-2557.49069129546
N1303,2494.39842542886,-5835.04270337226,-639.816720926028
N1304,1513.23098547971,-5283.67862388556,-3225.45933148894
N1305,591.245371848332,-5988.15383720011,-2107.87765410494
N1306,992.810571782354,-5527.4929685809,-3013.41719540868
N1307,2270.57990240325,-4290.46798424533,-4123.41597942813
N1308,2306.1984129817,-4373.82660667619,-4015.37471406031
N1309,2529.79565453763,-5839.41196163087,-426.633542826084
N1310,1926.37501012177,-5236.56928981555,-3090.14264991487
N1311,1743.77137466946,-5873.25891763779,-1770.8742470798
N1312,2436.00431557612,-5208.40328519371,-2752.86481236403
N1313,3213.99818135037,-4012.3604079204,-3762.50238985846
N1314,2573.12585084869,-4197.89230900661,-4040.72799303016
N1315,1917.24279247554,-5684.38584186753,-2159.00935276672
N1316,3390.12462865855,-5256.55275482865,-1244.80304872377
N1317,3178.72113924235,-5212.308504624,-1840.33588613228
N1318,4078.72524860881,-4348.6783819812,-2260.64127768159
N1319,3613.21372512913,-4417.55067680792,-2840.42458770863
N1320,3374.40057441839,-5085.96450229218,-1845.45727906192
N1321,2168.369372405,-4394.16236339549,-4069.32068174827
N1322,4036.36929637694,-4408.83936968536,-2219.89645864388
N1323,872.993156202215,-5816.09566181172,-2459.84890670484
N1324,3263.59117410111,-5108.11741759714,-1977.81089930379
N1325,3072.58016615019,-5192.26553110475,-2063.03030921312
N1326,1170.33429001248,-5773.31959186455,-2437.17361657826
N1327,4135.94576627328,-4311.58219139253,-2227.95559254007
N1328,2476.14578748896,-5466.13978885059,-2163.71855482128
N1329,1945.64766256723,-4446.76062228115,-4124.28149330778
N1330,3276.65105866771,-4525.96201808441,-3066.41014424337
N1331,2273.93920875997,-5715.37442386434,-1686.88930256045
N1332,3744.43977741087,-4885.50131388937,-1667.97083966037
N1333,1977.03299046348,-4963.06366133638,-3473.75800610876
N1334,1145.47920860071,-5549.50558039305,-2917.91983594155
N1335,2271.60494493178,-4440.1531316556,-3962.31029024275
N1336,1298.7772041577,-4781.31668915112,-4003.1169135682
N1337,2844.45252408447,-5675.78628480565,-610.763423736295
N1338,794.667024746596,-6038.25619551864,-1888.01631287111
N1339,1978.0244783545,-5622.92036658179,-2261.99542520446
N1340,4100.15196233426,-4566.57002279881,-1735.21365427794
N1341,1733.17465259661,-5401.95428955895,-2904.98598636512
N1342,2407.22287225561,-5775.67738512103,-1232.96183395473
N1343,1373.29963814463,-5605.04148967121,-2707.20721803536
N1344,2315.79763971398,-5745.31733995674,-1515.63146238957
N1345,2082.32174559865,-5698.62342097858,-1969.23347328634
N1346,2887.50091162414,-5584.00114567535,-1075.62814130634
N1347,1756.76484047717,-6097.35563453704,-644.701743347228
N1348,807.370534857505,-6157.89395194205,-1447.41381403798
N1349,1198.40790556094,-4827.97226781539,-3978.5164405989
N1350,4030.0953984917,-4808.72181436722,-1143.88043470582
N1351,2345.54973861816,-4866.96801453171,-3379.42388848851
N1352,1396.48769067799,-5193.91453372343,-3416.8988084266
N1353,1980.52847557378,-5822.95441087636,-1700.27230942701
N1354,2339.17154355704,-5496.57665641651,-2238.31959930959
N1355,3631.63533102403,-4750.78550655742,-2212.13149399062
N1356,2949.00041219419,-5636.96332569224,-456.01296173358
N1357,3999.90527168881,-4588.28621570146,-1900.89960281044
N1358,2358.05626441384,-4991.98205662017,-3183.51079082346
N1359,1793.99437047214,-4756.72491511504,-3841.25115856631
N1360,1265.95298381003,-4929.31213965243,-3831.58875239433
N1361,1854.13554041085,-5025.29583878042,-3458.43317404586
N1362,1098.76289966409,-5950.95698865973,-2008.08365358814
N1363,2312.09292586644,-5597.93246662038,-2004.85009580266
N1364,1034.41745199179,-6025.76101016642,-1810.74584523093
N1365,2572.85704258578,-5408.55658912671,-2190.68244104906
N1366,2112.14668273222,-4363.36487919431,-4131.21301868297
N1367,812.598356951136,-5398.05942027272,-3287.62799320992
N1368,637.019559236202,-5573.09644962932,-3025.52392179717
N1369,1756.24349071178,-5539.26511523431,-2620.44573405235
N1370,2430.63866418592,-4308.86989742006,-4012.22458065636
N1371,3375.18213795654,-4215.18738267034,-3382.88740315675
N1372,1697.95680399557,-6029.13148332096,-1204.57297288734
N1373,2529.63196507202,-5300.22731664843,-2481.46511025876
N1374,1407.96284942534,-5567.86115400126,-2765.11389835963
N1375,2051.1595009516,-4428.28687393918,-4093.0271348386
N1376,2664.86562688715,-4755.88793627503,-3299.66760644826
N1377,3652.27384914818,-4170.30940510311,-3143.79973161665
N1378,918.749651215178,-5348.13550772943,-3340.48804478755
N1379,649.77534918496,-5661.86302072357,-2854.27643226449
N1380,3518.22118057697,-4361.17082809963,-3038.33766369858
N1381,3330.83819633495,-4967.89351548301,-2208.29001148051
N1382,3288.36768824753,-4076.61680360438,-3627.64704018628
N1383,3087.10023547285,-4501.69308108636,-3288.56296312092
N1384,2738.99133623511,-5518.93973066824,-1644.45199534887
N1385,2597.66708416415,-4762.59653599533,-3343.06812216863
N1386,1819.95922551171,-5919.74611261285,-1532.62768223946
N1387,3310.28123940252,-4115.02017504546,-3564.23048656023
N1388,2528.19509538483,-5842.39202782794,-394.514805698088
N1389,2303.88872944275,-5391.48011425802,-2514.50943202923
N1390,942.121112190312,-5336.54035900069,-3352.42066862093
N1391,2483.41784882844,-5816.74897474484,-822.283137006328
N1392,2413.48566695028,-5199.32334688957,-2789.84866505515
N1393,3081.11228255259,-4144.34343942976,-3730.69633871501
N1394,1627.17757783895,-4738.03840851296,-3937.6527851924
N1395,3872.4243428507,-4135.13739054789,-2920.28816129262
N1396,2632.63411507164,-4210.62305684647,-3989.16555133507
N1397,2664.79039242512,-4882.47781821556,-3110.76461763884
N1398,2384.21143746733,-4816.75258646858,-3423.38358003187
N1399,3771.84365913835,-4776.54857689913,-1904.06486503599
N1400,1391.87067142433,-5230.80530943272,-3362.43820032692
N1401,3273.11046594653,-4725.56671047282,-2754.75527855298
N1402,3337.83221655666,-4451.48833565209,-3108.4284941792
N1403,2948.29625116638,-4835.64260022023,-2923.72206864263
N1404,2853.86562561658,-4309.09709259089,-3724.84033903574
N1405,1436.43868231674,-5928.74504771217,-1855.86772131977
N1406,3947.13480618897,-4538.37357820476,-2116.90711237761
N1407,1546.76705889484,-6142.5012180547,-751.803019372573
N1408,4028.04696843789,-4466.63764505506,-2118.19100289469
N1409,3031.62428914883,-4802.33696109528,-2893.44995754095
N1410,2847.96707309805,-5648.56989457201,-812.22099350308
N1411,1495.18895444113,-4917.52687340822,-3764.00456778055
N1412,2388.48247215635,-5683.1995002201,-1631.92385936934
N1413,1777.33257930058,-6044.64880319998,-990.00383531859
N1414,3131.71533553572,-4183.00747287928,-3644.99810369651
N1415,2638.26107079468,-4962.7068827498,-3005.37525626515
N1416,1324.05918436866,-5969.81834216879,-1807.46659560449
N1417,3289.5184471823,-5108.41843765368,-1933.88719266085
N1418,3544.44366605939,-4582.72818740897,-2660.2968233355
N1419,1131.25585022693,-5563.90250740242,-2896.1165199003
N1420,2703.18148655343,-4606.09452800585,-3475.0806256608
N1421,3697.28914586309,-4190.13746308232,-3064.34047257603
N1422,2830.17144823999,-5470.8536934277,-1650.94306102049
N1423,1594.37648084643,-4847.45824341713,-3814.51557471525
N1424,3762.1320773851,-4566.14562309019,-2375.85692759054
N1425,3078.13779305494,-5540.86918050122,-708.325757887925
N1426,3443.86362437345,-5060.86331973828,-1785.60545337337
N1427,2371.55086459137,-4448.3831673315,-3894.93432841312
N1428,738.642902538905,-5348.94054250914,-3383.31010280769
N1429,2320.83184226167,-5012.46219269008,-3178.69040286089
N1430,3923.01760198166,-4408.46371112361,-2413.76695220956
N1431,3877.40350968988,-4471.39747722335,-2370.81262619818
N1432,2530.72623033383,-5715.56723629656,-1264.83661423441
N1433,1592.70399555823,-5893.91712371008,-1839.3021386567
N1434,2263.53818934032,-5454.9851235959,-2413.15030861883
N1435,2484.96953045269,-4518.86264932914,-3740.65717436835
N1436,2254.12460877332,-4406.84144656965,-4008.93593820875
N1437,4153.94039321176,-4672.71423473668,-1258.29800501718
N1438,3125.00688391234,-4693.30347849184,-2971.43317243407
N1439,3461.60473336293,-5175.43851147724,-1380.20859985346
N1440,3163.21500662795,-5357.7597784922,-1400.17087050064
N1441,2292.73731101991,-4695.890210367,-3644.88262741266
N1442,3329.90995652172,-5380.10540514046,-802.837345467389
N1443,2973.01039252794,-4899.25084727211,-2790.67279352878
N1444,1612.62390386158,-5623.18774119845,-2533.14407015113
N1445,1687.64051405162,-5620.63246722853,-2489.87086956784
N1446,2677.09342944547,-5544.17632584178,-1661.25812189497
N1447,2685.70282753407,-5337.62889390378,-2225.96112869143
N1448,1903.82346544056,-4479.87534475507,-4108.27585978251
N1449,2553.93206857868,-5324.62493496698,-2404.04929862829
N1450,994.563813531361,-6034.54030966567,-1803.86728621374
N1451,1052.03611137187,-5810.53945119866,-2402.64117951053
N1452,4026.87411024747,-4421.02774228951,-2212.65650044523
N1453,1540.71294035728,-5883.53439516135,-1914.77373384423
N1454,2546.41517579674,-4883.08350722209,-3206.82695211856
N1455,1726.48605584791,-5343.59420549243,-3014.10293874367
N1456,2810.39256651348,-5543.4413260253,-1428.59552405606
N1457,1889.88140045074,-5220.59349522129,-3135.97768638903
N1458,3948.01348593371,-4879.42968318101,-1131.01060615032
N1459,3804.62850064111,-4534.50883720949,-2368.87234869132
N1460,2678.42391997101,-5771.26063683298,-446.0631620718
N1461,3730.00898883189,-4362.51917821684,-2774.0137042498
N1462,1016.62679238162,-5829.32109592981,-2372.40158927206
N1463,1439.48762350085,-5510.18375152479,-2862.05763131349
N1464,1707.39427877945,-5990.90470521451,-1373.01254157355
N1465,1348.33426276405,-5686.77983059209,-2545.51747162764
N1466,3496.4527029385,-4683.3537433919,-2546.13187828264
N1467,2187.93390298381,-4737.75091585019,-3655.3145698716
N1468,1304.81889425134,-5271.98816709632,-3333.09389404157
N1469,2417.65444370658,-4314.30408824598,-4014.21616538503
N1470,3705.61143644193,-4227.17414792787,-3003.42977879
N1471,1728.5613894196,-5654.3178360277,-2383.9753998577
N1472,1910.93401849277,-4762.17473394736,-3776.99188891194
N1473,3499.15173280069,-5181.3645706463,-1258.49456664492
N1474,2841.21172090864,-4145.49225537988,-3914.06780723886
N1475,1597.92366478298,-5435.4696833016,-2919.88136953922
N1476,568.898741216143,-5903.24015442759,-2339.21018436591
N1477,1422.85470881067,-5610.02823476287,-2671.29056633332
N1478,3248.31238282692,-4861.92327446034,-2539.81646883196
N1479,2592.011656836,-5612.08139594249,-1566.00821774961
N1480,910.246809102709,-5215.18324404609,-3545.3252462014
N1481,3455.77428400377,-4625.93470426057,-2701.57704296002
N1482,2440.91742107381,-5029.47861070032,-3060.3165110262
N1483,2439.86944203035,-5749.10582844817,-1291.10032832121
N1484,1015.49820057236,-5519.95777882895,-3019.6218631236
N1485,3017.64169460235,-5123.25585865587,-2300.61803406339
N1486,3299.34412946991,-5297.30681329332,-1313.62266753653
N1487,1807.01938608142,-4833.41136084707,-3740.48732150885
N1488,1216.89893841298,-6146.4032799149,-1188.30710702315
N1489,3187.7386991155,-5487.68194191027,-634.545339310179
N1490,3425.13431285796,-4905.71379049029,-2203.03268281138
N1491,3276.83587387158,-5445.51843238848,-536.919908695115
N1492,1033.40359397673,-5482.75031942532,-3080.31219296061
N1493,1434.15168258392,-4837.96519632144,-3888.04948684657
N1494,698.0034259122,-5459.34550308678,-3212.39469156927
N1495,3485.89640495048,-4728.16734410486,-2476.96398072602
N1496,1165.19103506694,-5765.25429740901,-2458.49254781663
N1497,3373.54420665617,-5308.85755028923,-1054.63110267358
N1498,1298.43741856494,-6179.53485570074,-913.896777879133
N1499,3039.19614216444,-5558.12993729474,-740.589241178118
